timestamp,station_UID,air_temp_C,wind_spd_avg_ms,prcp_type,prcp_amount_mm,road_temp_C,visibility_m,dew_pnt_C,road_surface,freezing_pnt_C,wind_spd_max_ms,wind_dir,road_grip_koef,undrgrnd_007_temp_C,undrgrnd_020_temp_C,undrgrnd_050_temp_C,undrgrnd_080_temp_C,undrgrnd_110_temp_C,undrgrnd_130_temp_C,undrgrnd_140_temp_C,undrgrnd_170_temp_C,undrgrnd_200_temp_C
2022-02-13 19:35,1166,0,,,,-3.3,,-5.4,0.0,,,,0.82,-1.61,-3.84,-5.27,-6.03,-5.34,,-3.66,-1.77,0.53
2022-02-13 19:35,1164,0.3,4.3,0.0,0,-0.2,2000,-5.5,0.0,,7.5,180.0,0.82,,,,,,,,,
2022-02-13 21:07,308,,3.2,0.0,0,-0.8,2000,-6.1,0.0,,4.9,180.0,0.82,0.7,1.22,1.49,2.03,2.42,,2.88,3.46,3.97
2022-02-13 21:10,6551,0.4,4.6,0.0,0,-1.4,2000,-5.81,0.0,,,180.0,0.82,,,,,,,,,
2022-02-13 21:05,1208,0.6,1.2,0.0,0,-0.9,2000,-6.05,0.0,,4.2,225.0,0.82,-0.16,0.16,0.97,1.16,1.61,,1.82,2.26,2.79
2022-02-13 19:35,1181,1.7,3.9,0.0,0,,2000,-5.01,0.0,,7.8,180.0,0.82,1.1,1.6,1.3,1.8,2.3,,2.7,3.1,3.8
2022-02-13 21:07,310,,4.1,0.0,0,0.1,2000,-5.6,0.0,,4.8,180.0,0.82,,,,,,,,,
2022-02-13 21:12,1206,0.8,3.6,0.0,0,0,2000,-3.67,0.0,,6.1,180.0,0.82,0.5,1.79,1.85,2.32,2.73,,3.17,3.64,4.08
2022-02-13 21:05,1183,1.1,4.5,,,-0.4,,-3.95,,,7.1,180.0,,0.73,1.42,1.09,1.24,1.43,,0.89,2.2,3.13
2022-02-13 21:08,363,0.8,6.3,0.0,0,-1.1,2000,-3.8,1.0,,7.4,180.0,0.82,0.56,1,1.61,2.05,3.21,,3.7,3.66,4.25
2022-02-13 21:07,361,,5.8,0.0,0,,2000,-3.9,1.0,,7.9,180.0,0.82,0.1,0.97,1.31,1.94,2.46,,2.72,3.15,3.56
2022-02-13 21:08,362,0.4,4.6,0.0,0,-1.4,2000,-4.9,1.0,,6.3,225.0,0.82,,,,,,,,,
2022-02-13 21:05,1185,,4.8,0.0,0,-2.1,2000,-3.3,1.0,,7.7,180.0,0.81,-0.2,0.8,1.2,1.6,2.1,,2.5,2.8,3.3
2022-02-13 21:05,1209,-0.2,5.2,0.0,0,-1.7,2000,-3.9,1.0,,7.6,225.0,0.81,-0.24,0.56,0.95,1.63,2.22,,2.64,3.05,3.49
2022-02-13 21:05,1201,0.3,5.5,0.0,0,-1.4,2000,-3.25,0.0,,7.7,180.0,0.82,0.12,1.11,1.41,1.77,2.56,,2.94,3.4,3.91
2022-02-13 21:08,367,0.3,3.5,,,-0.8,,-3.5,1.0,,5.2,180.0,0.81,0.79,1.66,1.8,1.92,2.63,,3.03,3.3,3.96
2022-02-13 21:05,1204,1.6,5.2,,,-0.5,2000,-3.66,1.0,,8.7,180.0,0.81,,,,,,,,,
2022-02-13 21:05,1187,1.5,3.6,0.0,0,,2000,-1.74,0.0,,7.3,225.0,0.82,2.4,2.7,3,3.5,3.9,,4.3,4.7,5.4
2022-02-13 21:05,1101,-0.8,4.2,0.0,0,-2.6,2000,-6,0.0,,7.2,180.0,0.82,,,,,,,,,
2022-02-13 21:05,1132,-0.2,3.4,0.0,0,,2000,-6.4,0.0,,7.7,180.0,0.82,0.42,1.43,1.65,2.28,2.73,,3.06,3.44,3.91
2022-02-13 20:50,1134,0.7,3.8,0.0,0,-2,2000,-6.17,0.0,,7.1,180.0,0.82,0.41,0.41,1.08,1.6,2.14,,2.52,2.88,3.21
2022-02-13 20:35,1135,1.5,2.9,0.0,0,-0.5,2000,-5.2,0.0,,6.8,180.0,0.82,0.89,1.4,1.18,0.98,1.22,,2.11,2.31,2.53
2022-02-13 21:07,306,1.3,5.7,0.0,0,-0.8,2000,-6.4,1.0,,7.4,180.0,0.82,0.17,1.04,1.19,1.3,2.19,,2.27,2.89,3.21
2022-02-13 21:08,3821,1.3,6.5,0.0,0,0,2000,-3.75,1.0,,,225.0,0.82,,,,,,,,,
2022-02-13 19:35,1168,1.9,,0.0,0,,2000,-3.98,0.0,,,,0.82,1.43,1.45,0.77,1.05,1.4,,1.76,1.99,2.75
2022-02-13 20:35,1211,-1.3,4.3,,,-4.8,2000,-7,0.0,,8.7,180.0,0.82,,,,,,,,,
2022-02-13 21:07,2481,-0.6,3.7,0.0,0,-2.9,2000,-5.6,1.0,,3.7,180.0,0.81,,,,,,,,,
2022-02-13 21:09,4001,-0.7,4.8,0.0,0,-2.9,2000,-5.5,1.0,,5,180.0,0.81,,,,,,,,,
2022-02-13 21:05,1042,-0.5,2.4,0.0,0,,2000,,0.0,,5.2,180.0,0.82,0.1,0.84,0.82,1.2,1.61,,1.86,2.07,2.27
2022-02-13 21:05,1063,-0.2,1.5,0.0,0,-4,2000,-6.2,1.0,,4.3,180.0,0.81,,,0.43,,1.43,,3.46,3.87,
2022-02-13 19:52,1262,1.9,,,,,,-4.97,0.0,,,,0.78,,,,,,,,,
2022-02-13 21:12,413,1.3,4.4,0.0,0,-0.2,2000,-4.4,0.0,,5.6,180.0,0.82,,,,,,,,,
2022-02-13 21:04,412,0.7,4,0.0,0,-0.2,2000,-4.7,0.0,,6,180.0,0.82,,,,,,,,,
2022-02-13 21:05,1071,0.8,3.1,,,,,-4.04,0.0,,6.4,135.0,0.82,1.01,1.88,2.04,2.51,3.08,,3.61,3.99,4.43
2022-02-13 20:50,1004,0.1,4.2,,,-0.5,,-4.71,0.0,,8,180.0,0.82,0.13,0.83,1.37,2.14,2.56,,3.01,3.38,3.99
2022-02-13 21:05,1241,1.2,4.7,0.0,0,-1,2000,-5.24,0.0,,5.1,225.0,0.82,,,,,,,,,
2022-02-13 21:09,406,1.5,2.4,,,-1.7,,-5,0.0,,3.7,180.0,0.82,-0.41,0.38,0.71,0.98,1.42,,2.13,2.46,2.6
2022-02-13 21:05,1125,0.2,,0.0,0,-1.7,2000,-6.21,0.0,,,,0.82,-0.78,-0.04,-0.37,-0.11,0.69,,1.26,1.91,2.56
2022-02-13 21:05,1061,2,5.7,0.0,0,-1.3,2000,-3.48,0.0,,8.3,180.0,0.82,,,,,,,,,
2022-02-13 21:09,411,1.4,3.3,0.0,0,-1.1,2000,-3.7,1.0,,4.5,225.0,0.82,,,,,,,,,
2022-02-13 21:12,1143,1.3,4.6,,,0.4,,-2.11,0.0,,7,180.0,0.82,1.07,1.82,2.02,2.46,2.87,,3.48,3.99,4.46
2022-02-13 20:53,410,1.4,4.6,,,-0.6,,-4.8,1.0,,5.4,180.0,0.82,,,,,,,,,
2022-02-13 21:09,401,0.7,7.1,0.0,0,-1.2,2000,-3.4,1.0,,7.9,270.0,0.82,,,,,,,,,
2022-02-13 21:05,1001,1.1,7.4,0.0,0,-1.3,2000,-4.14,1.0,,11.6,225.0,0.81,,,,,,,,,
2022-02-13 21:05,125,0.7,4,,,-1.4,,-3.58,1.0,,4.6,225.0,0.82,,,,,,,,,
2022-02-13 21:09,402,1,17.5,0.0,0,0.2,2000,-3.3,0.0,,18.6,180.0,0.82,0.89,1.36,1.41,1.81,2.37,,2.62,3.59,3.89
2022-02-13 21:05,1129,1.5,4.6,0.0,0,,2000,-3.18,0.0,,8.2,225.0,0.82,0.46,0.7,1.07,1.58,1.89,,2.47,3.44,3.68
2022-02-13 21:05,1006,1.1,2.9,0.0,0,-0.6,2000,-4.34,0.0,,6.7,225.0,0.82,,,,,,,,,
2022-02-13 21:07,2561,1.1,2.2,0.0,0,-0.7,2000,-4.46,1.0,,2.3,180.0,0.81,,,,,,,,,
2022-02-13 21:07,2902,1.3,4.2,0.0,0,0,2000,-4.13,2.0,,4.4,270.0,0.77,,,,,,,,,
2022-02-13 21:09,414,3.2,1.6,0.0,0,-0.9,2000,-4.2,0.0,,3.2,225.0,0.82,-1.03,-0.87,-0.66,-0.35,0.09,,0.75,1.39,2.14
2022-02-13 21:05,1066,0.8,4.2,0.0,0,-0.9,2000,-4.23,1.0,,9.9,225.0,0.81,0.41,0.93,,1.19,2.14,,2.97,3.77,4.67
2022-02-13 21:09,415,0.7,3.2,0.0,0,-1.2,2000,-3.6,1.0,,5.1,180.0,0.82,-0.1,0.97,0.92,1.49,2.23,,2.57,3.38,3.58
2022-02-13 21:08,383,1.9,5.6,0.0,0,-0.5,2000,-3.1,0.0,,8,180.0,0.82,0.99,1.73,1.97,2.16,2.95,,3.44,3.68,4.39
2022-02-13 21:05,1008,1.7,5.7,0.0,0,-0.2,2000,-2.99,0.0,,8.9,225.0,0.82,,,,,,,,,
2022-02-13 21:05,1214,1.7,5.1,0.0,0,0.1,2000,-4.17,0.0,,8.4,180.0,0.82,-0.45,-3.15,-2.99,-5.17,-4.86,,-36.35,-2.35,-0.18
2022-02-13 21:07,316,1.4,7.6,2.0,0.01,0.2,2000,-3.3,0.0,,11.1,225.0,0.82,,,,,,,,,
2022-02-13 21:05,1012,1,3.6,0.0,0,0,2000,-3.66,1.0,,7.2,180.0,0.81,38.3,,32.36,,30.87,,32.56,-0.01,
2022-02-13 21:07,318,0.1,3,0.0,0,-1.8,2000,-3.9,1.0,,5.5,180.0,0.82,,,,,,,,,
2022-02-13 21:06,1901,0.5,3.8,0.0,0,-1.3,2000,-3.9,0.0,,4,180.0,0.82,,,,,,,,,
2022-02-13 21:05,1189,-0.3,4.1,,,,2000,,0.0,,7,180.0,0.82,,,,,,,,,
2022-02-13 21:08,390,0.4,3.9,,,-0.2,,-3.6,1.0,,4.4,180.0,0.82,,,,,,,,,
2022-02-13 21:05,1015,0.5,3.8,0.0,0,-0.9,2000,-2.89,1.0,,6,180.0,0.81,0.41,1.38,1.6,2.2,3.11,,3.61,4.24,4.8
2022-02-13 21:08,382,2.6,5.7,0.0,0,0.9,2000,-0.9,0.0,,7.2,180.0,0.82,,,,,,,,,
2022-02-13 21:11,981,3,3.2,0.0,0,0.5,2000,-0.99,1.0,,8.4,180.0,0.81,,,,,,,,,
2022-02-13 21:10,5690,1.2,,,,0.6,,-3.97,0.0,,,,0.82,,,,,,,,,
2022-02-13 21:08,384,,3.6,0.0,0,-2.5,2000,-5.8,0.0,,5.5,180.0,0.82,,,,,,,,,
2022-02-13 21:07,2582,-0.6,,,,,,,0.0,,,,0.82,,,,,,,,,
2022-02-13 21:05,1074,0.5,5,0.0,0,-1.7,2000,-6.14,0.0,,8.5,180.0,0.82,-0.27,0.37,0.48,0.62,1.05,,1.37,2.12,2.66
2022-02-13 21:07,2903,-0.6,1.7,0.0,0,-2.1,2000,-6.4,0.0,,1.8,135.0,0.82,-0.28,0.3,0.45,1.08,1.62,,2.05,2.56,3.16
2022-02-13 21:08,386,-0.7,4.2,0.0,0,-2.7,2000,-6,0.0,,5.3,90.0,0.82,,,,,,,,,
2022-02-13 21:07,2501,-0.2,1.2,0.0,0,-2.8,2000,-5.5,1.0,,1.2,225.0,0.81,,,,,,,,,
2022-02-13 19:35,1163,-0.3,1.1,0.0,0,-3.3,2000,-6.3,1.0,,2.2,135.0,0.81,-1.6,-1.3,-0.4,0.3,0.8,,1.5,2,2.5
2022-02-13 21:09,403,0.5,4.4,0.0,0,-1.9,2000,-4.8,0.0,,5,225.0,0.82,,,,,,,,,
2022-02-13 21:10,5210,1.4,5.7,0.0,0,0.6,2000,-4.05,0.0,,9.1,180.0,0.82,,,,,,,,,
2022-02-13 18:39,4021,0.9,1.9,,,-0.6,,-5.4,0.0,,2,135.0,0.82,,,,,,,,,
2022-02-13 21:05,1104,0,2,0.0,0,-4.9,2000,-6.6,1.0,,4.6,225.0,0.81,-2.3,-1.5,-0.7,-0.8,-0.2,,0.5,1.3,2.1
2022-02-13 21:05,1401,-1.1,0.8,0.0,0,-3.4,2000,-6.9,1.0,,0.9,225.0,0.81,,,,,,,,,
2022-02-13 21:09,407,0.1,6.8,0.0,0,-2.8,2000,-5.8,1.0,,8.3,225.0,0.82,,,,,,,,,
2022-02-13 21:08,385,-0.9,4.8,0.0,0,-3,2000,-6.1,0.0,,5.7,180.0,0.82,,,,,,,,,
2022-02-13 21:05,1068,-1.4,2.3,0.0,0,-2.3,2000,-5.7,0.0,,3.8,135.0,0.82,-1.6,-0.7,-0.1,0.3,0.8,,1.2,1.7,2.3
2022-02-13 21:08,387,-0.5,5.7,,,,,,,,6.7,225.0,,,,,,,,,,
2022-02-13 20:52,3981,0.1,2,0.0,0.24,-2.6,1999,-6.12,0.0,,2.1,180.0,0.82,,,,,,,,,
2022-02-13 21:05,1122,0,2.7,0.0,0,-3.9,2000,-7,0.0,,5.2,180.0,0.82,,,,,,,,,
2022-02-13 21:05,1522,0.1,2.5,,,-2.4,,-6.63,1.0,,2.6,180.0,0.81,,,,,,,,,
2022-02-13 21:09,409,0.9,3.8,0.0,0,-2.4,2000,-4.9,0.0,,5.5,225.0,0.82,,,,,,,,,
2022-02-13 21:10,5650,0.3,,,,-2.1,,-7.03,0.0,,,,0.82,,,,,,,,,
2022-02-13 21:08,3941,1.3,3.7,0.0,0,-1.8,2000,-4.71,1.0,,3.8,45.0,0.81,-0.58,-0.91,-0.52,-0.16,0.4,,0.19,1.6,2.08
2022-02-13 20:53,408,1,3.7,0.0,0,-2.6,2000,-5.3,1.0,,4.6,180.0,0.82,,,,,,,,,
2022-02-13 21:05,1123,0.7,7.1,0.0,0,-2.3,2000,-4.72,0.0,,10.1,180.0,0.82,-0.53,-0.29,-0.1,0.36,0.83,,1.39,2.02,2.62
2022-02-13 21:08,395,1.2,5.3,0.0,0,-1.9,2000,-4.7,1.0,,6.8,180.0,0.82,,,,,,,,,
2022-02-13 21:08,394,1.7,1.3,0.0,0,-0.6,2000,-4.4,0.0,,3.3,225.0,0.82,,,,,,,,,
2022-02-13 20:35,1138,1.3,6.5,0.0,0,-1.1,2000,-3.19,0.0,,9.6,180.0,0.81,-0.19,0.03,-0.06,0.38,0.66,,1.48,2.26,2.73
2022-02-13 21:08,391,-0.4,5.6,0.0,0,,2000,-5.4,0.0,,6.9,180.0,0.82,,,,,,,,,
2022-02-13 21:08,392,0.4,0,0.0,0,-2.2,2000,-4.9,0.0,,0,0.0,0.82,,,,,,,,,
2022-02-13 21:05,1140,-0.5,1.2,0.0,0,0.9,2000,-5.6,0.0,,4.4,180.0,0.82,-0.56,0.04,0.82,1.69,2.43,,2.94,3.37,3.3
2022-02-13 21:11,987,1.4,3.4,0.0,0,-1.6,2000,-3.47,1.0,,5.2,225.0,0.81,,,,,,,,,
2022-02-13 21:11,989,1.4,4,0.0,0,-0.9,2000,-3.28,0.0,,6,225.0,0.82,0.31,1.35,1.63,2.23,2.7,,3.03,3.36,3.6
2022-02-13 21:11,984,1.1,3.4,0.0,0,0.3,2000,-2.83,0.0,,5.9,225.0,0.82,,,,,,,,,
2022-02-13 21:07,314,1,4.6,,,-1.2,,-3.5,0.0,,6,0.0,0.82,,,,,,,,,
2022-02-13 21:07,2581,1.5,6.8,0.0,0,-0.9,2000,-4.9,0.0,,7,135.0,0.82,,,,,,,,,
2022-02-13 21:11,961,0.7,5.3,0.0,0,-1.3,2000,-3.65,1.0,,5.5,225.0,0.81,,,,,,,,,
2022-02-13 21:11,941,0.3,8,0.0,0,-1.6,2000,-4.54,1.0,,8.3,180.0,0.82,,,,,,,,,
2022-02-13 21:07,320,1.2,5,0.0,0,-0.9,2000,-3.1,1.0,,7.2,225.0,0.82,,,,,,,,,
2022-02-13 21:08,3962,,5.9,0.0,0,-0.5,2000,-4.1,0.0,,6.1,180.0,0.82,,,,,,,,,
2022-02-13 21:05,1223,1.3,0.9,,,-1.2,,-3.09,,,1.2,225.0,,,,,,,,,,
2022-02-13 21:07,3481,1.2,4.5,0.0,0,-0.4,2000,-3.83,0.0,,5.4,270.0,0.82,,,,,,,,,
2022-02-13 21:05,128,1.6,2.2,0.0,0,-0.8,2000,-3.27,0.0,,2.2,180.0,0.82,,,,,,,,,
2022-02-13 21:05,1003,1.8,6.7,0.0,0,-0.9,2000,-4.07,,,10.6,180.0,,,,,,,,,,
2022-02-13 21:05,1481,1.7,3.8,0.0,0,1.2,2000,-3.76,0.0,,7.9,225.0,0.82,,,,,,,,,
2022-02-13 21:08,388,0.3,5.6,,,-1.9,,-2.8,1.0,,6.6,180.0,0.81,,,,,,,,,
2022-02-13 18:50,1382,0.3,5,0.0,0,-0.6,2000,-3.44,1.0,,5.9,180.0,0.81,,,,,,,,,
2022-02-13 21:08,389,0.8,3.2,,,-1.6,,-3.2,0.0,,3.9,225.0,0.82,,,,,,,,,
2022-02-13 21:07,229,1.4,1.1,0.0,0,-0.8,2000,-2,0.0,,1.5,180.0,0.82,,,,,,,,,
2022-02-13 21:05,1082,1.2,7.5,0.0,0,-1.1,2000,-3.1,0.0,,11.1,180.0,0.82,,,,,,,,,
2022-02-13 21:10,5250,1,4.9,,,,,-4.41,,,5,225.0,,,,,,,,,,
2022-02-13 21:07,2601,1.1,5.3,,,,,-4.34,,,5.7,225.0,,,,,,,,,,
2022-02-13 21:09,404,,3.9,0.0,0,-1.8,2000,-3.1,0.0,,6.4,225.0,0.82,,,,,,,,,
2022-02-13 20:52,381,-0.1,3.1,0.0,0,-2.3,2000,-5.7,0.0,,3.6,180.0,0.82,,,,,,,,,
2022-02-13 21:08,3961,1.6,,,,,,-3.6,0.0,,,,0.82,,,,,,,,,
2022-02-13 21:07,312,1,2.9,0.0,0,-1.1,2000,-3.8,1.0,,4.1,225.0,0.82,,,,,,,,,
2022-02-13 21:09,405,1.1,6,0.0,0,-2.6,2000,-4.6,0.0,,6.5,225.0,0.82,,,,,,,,,
2022-02-13 21:08,393,-0.1,3.9,0.0,0,,2000,-5.5,0.0,,5,135.0,0.82,,,,,,,,,
2022-02-13 20:44,1222,0.6,5.7,,,-1.4,2000,-3.68,0.0,,9.5,225.0,0.82,-0.3,0.2,0.4,0.8,1.2,,1.6,2.1,2.6
2022-02-13 19:35,1166,0.0,,,,-3.3,,-5.4,0.0,,,,0.82,-1.61,-3.84,-5.27,-6.03,-5.34,,-3.66,-1.77,0.53
2022-02-13 19:35,1164,0.3,4.3,0.0,0.0,-0.2,2000.0,-5.5,0.0,,7.5,180.0,0.82,,,,,,,,,
2022-02-13 20:51,308,,2.7,0.0,0.0,-0.7,2000.0,-6.2,0.0,,4.3,180.0,0.82,0.81,1.29,1.48,2.03,2.42,,2.88,3.46,3.97
2022-02-13 20:54,6551,0.5,4.0,0.0,0.0,-1.2,2000.0,-5.93,0.0,,,180.0,0.82,,,,,,,,,
2022-02-13 20:35,1208,1.1,1.2,0.0,0.0,-0.6,2000.0,-6.23,0.0,,3.6,225.0,0.82,-0.22,0.09,0.94,1.23,1.61,,1.82,2.29,2.79
2022-02-13 19:35,1181,1.7,3.9,0.0,0.0,,2000.0,-5.01,0.0,,7.8,180.0,0.82,1.1,1.6,1.3,1.8,2.3,,2.7,3.1,3.8
2022-02-13 20:51,310,,4.8,0.0,0.0,0.3,2000.0,-5.6,0.0,,5.7,180.0,0.82,,,,,,,,,
2022-02-13 20:44,1206,0.9,3.1,0.0,0.0,0.0,2000.0,-3.57,0.0,,6.0,180.0,0.82,0.53,1.79,1.85,2.32,2.73,,3.17,3.61,4.08
2022-02-13 19:35,1183,1.0,3.4,,,-0.2,,-3.66,,,6.6,180.0,,1.25,1.6,0.86,1.11,1.28,,0.73,2.11,3.01
2022-02-13 20:52,363,0.9,5.6,0.0,0.0,-0.9,2000.0,-3.8,0.0,,7.4,180.0,0.82,0.63,1.05,1.59,2.05,3.22,,3.7,3.65,4.24
2022-02-13 20:51,361,,5.8,0.0,0.0,,2000.0,-3.9,1.0,,7.6,225.0,0.82,0.17,1.02,1.3,1.95,2.46,,2.72,3.15,3.56
2022-02-13 20:52,362,0.3,4.9,0.0,0.0,-1.2,2000.0,-4.8,1.0,,7.3,225.0,0.82,,,,,,,,,
2022-02-13 19:35,1185,,4.3,0.0,0.0,-1.2,2000.0,-3.2,1.0,,6.9,180.0,0.81,0.3,1.1,1.1,1.6,2.1,,2.5,2.8,3.3
2022-02-13 20:35,1209,0.1,5.6,0.0,0.0,-1.3,2000.0,-3.62,1.0,,8.9,225.0,0.81,-0.05,0.67,0.93,1.69,2.22,,2.68,3.06,3.5
2022-02-13 20:05,1201,0.6,5.7,0.0,0.0,-0.9,2000.0,-3.14,0.0,,8.7,180.0,0.82,0.51,1.31,1.35,1.77,2.57,,2.93,3.39,3.89
2022-02-13 20:52,367,0.4,3.6,,,-0.8,,-3.4,1.0,,4.9,180.0,0.81,0.93,1.73,1.79,1.92,2.63,,3.03,3.31,3.96
2022-02-13 20:05,1204,1.5,4.5,,,0.0,2000.0,-3.56,0.0,,6.9,180.0,0.82,,,,,,,,,
2022-02-13 20:35,1187,1.7,4.2,0.0,0.0,,2000.0,-1.89,0.0,,8.0,225.0,0.82,2.5,2.7,3.0,3.5,3.9,,4.2,4.8,5.4
2022-02-13 20:50,1101,-0.7,4.5,0.0,0.0,-2.3,2000.0,-5.8,0.0,,8.8,180.0,0.82,,,,,,,,,
2022-02-13 20:50,1132,-0.2,3.1,0.0,0.0,,2000.0,-6.4,0.0,,6.8,180.0,0.82,0.57,1.51,1.64,2.29,2.76,,3.07,3.46,3.94
2022-02-13 20:50,1134,0.7,3.8,0.0,0.0,-2.0,2000.0,-6.17,0.0,,7.1,180.0,0.82,0.41,0.41,1.08,1.6,2.14,,2.52,2.88,3.21
2022-02-13 20:35,1135,1.5,2.9,0.0,0.0,-0.5,2000.0,-5.2,0.0,,6.8,180.0,0.82,0.89,1.4,1.18,0.98,1.22,,2.11,2.31,2.53
2022-02-13 20:51,306,1.3,5.6,0.0,0.0,-0.9,2000.0,-6.4,1.0,,6.6,180.0,0.82,0.23,1.09,1.18,1.29,2.19,,2.27,2.89,3.2
2022-02-13 20:52,3821,1.3,6.4,0.0,0.0,0.1,2000.0,-3.75,1.0,,,225.0,0.82,,,,,,,,,
2022-02-13 19:35,1168,1.9,,0.0,0.0,,2000.0,-3.98,0.0,,,,0.82,1.43,1.45,0.77,1.05,1.4,,1.76,1.99,2.75
2022-02-13 20:35,1211,-1.3,4.3,,,-4.8,2000.0,-7.0,0.0,,8.7,180.0,0.82,,,,,,,,,
2022-02-13 20:51,2481,-0.5,6.0,0.0,0.0,-2.8,2000.0,-5.6,1.0,,6.3,180.0,0.81,,,,,,,,,
2022-02-13 20:52,4001,-0.8,2.7,0.0,0.0,-2.9,2000.0,-5.4,0.0,,2.8,180.0,0.82,,,,,,,,,
2022-02-13 20:50,1042,-0.4,2.8,0.0,0.0,,2000.0,,0.0,,6.8,180.0,0.82,0.21,0.88,0.81,1.19,1.61,,1.86,2.07,2.28
2022-02-13 20:50,1063,0.1,1.9,0.0,0.0,-3.8,2000.0,-4.9,1.0,,4.6,180.0,0.81,,,0.59,,1.44,,3.51,3.9,
2022-02-13 19:52,1262,1.9,,,,,,-4.97,0.0,,,,0.78,,,,,,,,,
2022-02-13 20:56,413,1.5,5.2,0.0,0.0,0.1,2000.0,-4.3,0.0,,7.0,225.0,0.82,,,,,,,,,
2022-02-13 20:56,412,0.8,3.9,0.0,0.0,0.0,2000.0,-4.8,0.0,,4.6,180.0,0.82,,,,,,,,,
2022-02-13 20:50,1071,0.8,3.8,,,,,-4.04,0.0,,6.3,135.0,0.82,1.07,1.95,2.01,2.55,3.05,,3.64,3.99,4.43
2022-02-13 20:50,1004,0.1,4.2,,,-0.5,,-4.71,0.0,,8.0,180.0,0.82,0.13,0.83,1.37,2.14,2.56,,3.01,3.38,3.99
2022-02-13 20:35,1241,1.3,3.9,0.0,0.0,-0.8,2000.0,-5.3,0.0,,4.2,225.0,0.82,,,,,,,,,
2022-02-13 20:52,406,1.7,2.8,,,-1.5,,-5.1,0.0,,4.4,180.0,0.82,-0.34,0.44,0.7,0.98,1.42,,2.13,2.46,2.6
2022-02-13 20:50,1125,0.3,,0.0,0.0,-1.9,2000.0,-6.33,0.0,,,,0.82,-0.7,0.01,-0.39,-0.12,0.67,,1.25,1.91,2.54
2022-02-13 20:50,1061,1.9,6.0,0.0,0.0,-1.4,2000.0,-3.37,0.0,,9.2,180.0,0.82,,,,,,,,,
2022-02-13 20:53,411,1.6,3.2,0.0,0.0,-1.0,2000.0,-3.7,1.0,,4.1,225.0,0.82,,,,,,,,,
2022-02-13 20:56,1143,1.4,4.7,,,0.5,,-2.19,0.0,,7.6,180.0,0.82,1.14,1.84,2.0,2.46,2.86,,3.48,3.96,4.46
2022-02-13 20:53,410,1.4,4.6,,,-0.6,,-4.8,1.0,,5.4,180.0,0.82,,,,,,,,,
2022-02-13 20:52,401,0.6,6.2,0.0,0.0,-1.2,2000.0,-3.3,1.0,,7.3,270.0,0.82,,,,,,,,,
2022-02-13 20:50,1001,1.1,7.7,0.0,0.0,-1.3,2000.0,-4.14,1.0,,11.3,225.0,0.81,,,,,,,,,
2022-02-13 20:35,125,0.8,4.7,,,-1.2,,-3.74,1.0,,5.2,180.0,0.82,,,,,,,,,
2022-02-13 20:52,402,1.1,17.1,0.0,0.0,0.2,2000.0,-3.3,0.0,,18.7,180.0,0.82,0.98,1.39,1.4,1.8,2.37,,2.62,3.6,3.9
2022-02-13 20:20,1129,1.6,4.9,0.0,0.0,,2000.0,-3.08,0.0,,9.9,180.0,0.82,0.5,0.74,1.03,1.59,1.9,,2.47,3.44,3.69
2022-02-13 20:50,1006,1.3,3.3,0.0,0.0,-0.5,2000.0,-4.15,0.0,,7.7,270.0,0.82,,,,,,,,,
2022-02-13 20:51,2561,1.1,2.8,0.0,0.0,-0.7,2000.0,-4.52,1.0,,3.1,180.0,0.81,,,,,,,,,
2022-02-13 20:51,2902,1.3,2.9,0.0,0.0,0.0,2000.0,-4.22,2.0,,3.1,270.0,0.77,,,,,,,,,
2022-02-13 20:53,414,3.3,1.7,0.0,0.0,-1.0,2000.0,-4.2,0.0,,3.3,270.0,0.82,-1.03,-0.86,-0.66,-0.35,0.08,,0.75,1.39,2.13
2022-02-13 20:50,1066,0.8,4.4,0.0,0.0,-0.8,2000.0,-4.04,1.0,,10.6,225.0,0.81,0.46,0.98,,1.19,2.15,,2.97,3.83,4.65
2022-02-13 20:53,415,0.8,5.4,0.0,0.0,-0.9,2000.0,-3.7,1.0,,6.9,180.0,0.82,-0.02,1.02,0.91,1.49,2.23,,2.57,3.38,3.58
2022-02-13 20:52,383,1.8,4.9,0.0,0.0,-0.4,2000.0,-3.0,0.0,,7.7,180.0,0.82,1.08,1.78,1.97,2.16,2.95,,3.44,3.67,4.4
2022-02-13 20:50,1008,1.7,5.6,0.0,0.0,-0.3,2000.0,-2.99,0.0,,8.3,225.0,0.82,,,,,,,,,
2022-02-13 20:35,1214,1.8,5.8,0.0,0.0,0.3,2000.0,-4.28,0.0,,10.6,180.0,0.82,-0.26,-2.95,-2.85,-5.06,-4.81,,-35.97,-2.34,-0.17
2022-02-13 20:51,316,1.4,7.6,0.0,0.0,0.2,2000.0,-3.3,0.0,,8.5,225.0,0.82,,,,,,,,,
2022-02-13 20:50,1012,1.0,3.7,0.0,0.0,0.0,2000.0,-3.66,0.0,,8.6,180.0,0.82,43.7,-33.06,30.13,,27.27,,31.87,-0.38,
2022-02-13 20:51,318,0.2,1.9,0.0,0.0,-1.5,2000.0,-3.9,1.0,,3.2,225.0,0.82,,,,,,,,,
2022-02-13 20:50,1901,0.4,5.7,0.0,0.0,-1.3,2000.0,-3.92,0.0,,5.9,180.0,0.82,,,,,,,,,
2022-02-13 20:35,1189,0.0,3.7,,,,2000.0,,0.0,,6.8,180.0,0.82,,,,,,,,,
2022-02-13 20:52,390,0.6,3.7,,,-0.1,,-3.6,1.0,,4.5,180.0,0.82,,,,,,,,,
2022-02-13 20:50,1015,0.7,3.8,0.0,0.0,-0.7,2000.0,-2.69,1.0,,5.7,180.0,0.81,0.47,1.45,1.63,2.2,3.08,,3.61,4.24,4.8
2022-02-13 20:52,382,2.7,7.3,0.0,0.0,1.0,2000.0,-0.9,0.0,,10.3,180.0,0.82,,,,,,,,,
2022-02-13 20:55,981,3.1,3.6,0.0,0.0,0.7,2000.0,-1.26,0.0,,9.4,180.0,0.82,,,,,,,,,
2022-02-13 20:54,5690,1.4,,,,0.8,,-3.97,0.0,,,,0.82,,,,,,,,,
2022-02-13 20:52,384,,4.8,0.0,0.0,-2.3,2000.0,-5.7,0.0,,6.2,180.0,0.82,,,,,,,,,
2022-02-13 20:51,2582,-0.3,,,,,,,0.0,,,,0.82,,,,,,,,,
2022-02-13 20:20,1074,0.6,4.8,0.0,0.0,-1.9,2000.0,-6.05,0.0,,8.0,180.0,0.82,-0.04,0.5,0.43,0.58,1.05,,1.36,2.11,2.65
2022-02-13 20:51,2903,-0.4,1.6,0.0,0.0,-2.1,2000.0,-6.4,0.0,,1.7,180.0,0.82,-0.17,0.35,0.44,1.08,1.63,,2.06,2.55,3.16
2022-02-13 20:52,386,-0.6,3.9,0.0,0.0,-2.7,2000.0,-6.1,0.0,,5.3,90.0,0.82,,,,,,,,,
2022-02-13 20:51,2501,-0.2,0.5,0.0,0.0,-2.7,2000.0,-5.6,1.0,,0.8,90.0,0.81,,,,,,,,,
2022-02-13 19:35,1163,-0.3,1.1,0.0,0.0,-3.3,2000.0,-6.3,1.0,,2.2,135.0,0.81,-1.6,-1.3,-0.4,0.3,0.8,,1.5,2.0,2.5
2022-02-13 20:52,403,0.5,4.8,0.0,0.0,-1.7,2000.0,-4.8,0.0,,5.5,225.0,0.82,,,,,,,,,
2022-02-13 20:54,5210,1.4,5.7,0.0,0.0,0.7,2000.0,-4.05,0.0,,8.7,180.0,0.82,,,,,,,,,
2022-02-13 18:39,4021,0.9,1.9,,,-0.6,,-5.4,0.0,,2.0,135.0,0.82,,,,,,,,,
2022-02-13 20:50,1104,0.0,1.5,0.0,0.0,-4.8,2000.0,-6.6,1.0,,3.5,180.0,0.81,-2.3,-1.5,-0.8,-0.8,-0.2,,0.5,1.3,2.1
2022-02-13 20:35,1401,-0.5,0.7,0.0,0.0,-2.6,2000.0,-7.1,1.0,,0.8,270.0,0.81,,,,,,,,,
2022-02-13 20:53,407,0.2,6.2,0.0,0.0,-2.7,2000.0,-5.6,1.0,,7.2,225.0,0.82,,,,,,,,,
2022-02-13 20:52,385,-0.8,5.2,0.0,0.0,-3.0,2000.0,-6.1,0.0,,6.0,180.0,0.82,,,,,,,,,
2022-02-13 20:50,1068,-1.5,2.4,0.0,0.0,-2.3,2000.0,-5.6,0.0,,4.5,135.0,0.82,-1.5,-0.7,-0.1,0.3,0.8,,1.2,1.7,2.3
2022-02-13 20:52,387,-0.4,6.0,,,,,,,,7.0,180.0,,,,,,,,,,
2022-02-13 20:52,3981,0.1,2.0,0.0,0.24,-2.6,1999.0,-6.12,0.0,,2.1,180.0,0.82,,,,,,,,,
2022-02-13 20:50,1122,0.1,2.5,0.0,0.0,-3.7,2000.0,-5.89,0.0,,5.6,225.0,0.82,,,,,,,,,
2022-02-13 20:35,1522,0.5,2.4,,,-2.3,,-6.42,1.0,,2.6,180.0,0.81,,,,,,,,,
2022-02-13 20:53,409,1.1,4.0,0.0,0.0,-2.3,2000.0,-4.9,0.0,,6.3,225.0,0.82,,,,,,,,,
2022-02-13 20:54,5650,0.6,,,,-2.0,,-6.98,0.0,,,,0.82,,,,,,,,,
2022-02-13 20:52,3941,1.2,3.5,0.0,0.0,-2.0,2000.0,-4.72,0.0,,4.3,90.0,0.82,,,,,,,,,
2022-02-13 20:53,408,1.0,3.7,0.0,0.0,-2.6,2000.0,-5.3,1.0,,4.6,180.0,0.82,,,,,,,,,
2022-02-13 20:50,1123,0.9,6.6,0.0,0.0,-2.0,2000.0,-4.73,0.0,,10.0,225.0,0.82,-0.51,-0.27,-0.1,0.36,0.84,,1.4,2.02,2.62
2022-02-13 20:52,395,1.2,5.7,0.0,0.0,-1.8,2000.0,-4.6,1.0,,6.3,180.0,0.82,,,,,,,,,
2022-02-13 20:52,394,1.7,2.9,0.0,0.0,-0.6,2000.0,-4.4,0.0,,3.7,180.0,0.82,,,,,,,,,
2022-02-13 20:35,1138,1.3,6.5,0.0,0.0,-1.1,2000.0,-3.19,0.0,,9.6,180.0,0.81,-0.19,0.03,-0.06,0.38,0.66,,1.48,2.26,2.73
2022-02-13 20:52,391,-0.1,4.8,0.0,0.0,,2000.0,-5.5,0.0,,6.6,180.0,0.82,,,,,,,,,
2022-02-13 20:52,392,0.4,0.0,0.0,0.0,-2.2,2000.0,-4.9,0.0,,0.0,0.0,0.82,,,,,,,,,
2022-02-13 20:35,1140,-0.2,1.0,0.0,0.0,1.3,2000.0,-5.7,0.0,,4.2,180.0,0.82,-0.41,0.12,0.83,1.71,2.45,,2.94,3.37,3.31
2022-02-13 20:55,987,1.6,3.7,0.0,0.0,-1.4,2000.0,-3.47,1.0,,5.4,225.0,0.81,,,,,,,,,
2022-02-13 20:55,989,1.3,3.8,0.0,0.0,-0.9,2000.0,-3.37,0.0,,5.9,225.0,0.82,0.41,1.43,1.61,2.24,2.73,,3.05,3.37,3.62
2022-02-13 20:55,984,1.2,3.3,0.0,0.0,0.6,2000.0,-2.73,0.0,,6.5,225.0,0.82,,,,,,,,,
2022-02-13 20:51,314,0.9,4.4,,,-1.2,,-3.4,0.0,,6.1,0.0,0.82,,,,,,,,,
2022-02-13 20:51,2581,1.5,7.2,0.0,0.0,-1.0,2000.0,-4.92,0.0,,7.4,135.0,0.82,,,,,,,,,
2022-02-13 20:48,961,0.9,5.2,0.0,0.0,-1.1,2000.0,-3.68,1.0,,5.5,225.0,0.81,,,,,,,,,
2022-02-13 20:55,941,0.2,6.6,0.0,0.0,-1.6,2000.0,-4.5,1.0,,7.0,180.0,0.82,,,,,,,,,
2022-02-13 20:51,320,1.2,6.4,0.0,0.0,-0.9,2000.0,-3.2,1.0,,8.6,180.0,0.82,,,,,,,,,
2022-02-13 20:52,3962,,7.3,0.0,0.0,-0.7,2000.0,-3.9,0.0,,7.7,180.0,0.82,,,,,,,,,
2022-02-13 20:35,1223,1.3,2.8,,,-1.2,,-3.13,,,3.5,270.0,,,,,,,,,,
2022-02-13 20:51,3481,1.2,5.5,0.0,0.0,-0.3,2000.0,-3.89,0.0,,5.7,225.0,0.82,,,,,,,,,
2022-02-13 18:50,128,1.4,3.2,0.0,0.0,-0.4,2000.0,-3.2,0.0,,3.4,180.0,0.82,,,,,,,,,
2022-02-13 20:50,1003,1.9,11.5,0.0,0.0,-0.4,2000.0,-4.18,,,10.6,180.0,,,,,,,,,,
2022-02-13 20:35,1481,1.6,3.7,0.0,0.0,1.4,2000.0,-3.86,0.0,,6.7,225.0,0.82,,,,,,,,,
2022-02-13 20:52,388,0.2,5.5,,,-2.0,,-2.8,1.0,,7.5,180.0,0.81,,,,,,,,,
2022-02-13 18:50,1382,0.3,5.0,0.0,0.0,-0.6,2000.0,-3.44,1.0,,5.9,180.0,0.81,,,,,,,,,
2022-02-13 20:52,389,0.8,4.6,,,-1.5,,-3.1,0.0,,5.9,225.0,0.82,,,,,,,,,
2022-02-13 20:51,229,1.5,1.2,0.0,0.0,-0.8,2000.0,-2.0,0.0,,2.0,180.0,0.82,,,,,,,,,
2022-02-13 20:50,1082,1.2,6.9,0.0,0.0,-1.1,2000.0,-3.1,0.0,,10.6,180.0,0.82,,,,,,,,,
2022-02-13 20:54,5250,1.0,5.1,,,,,-4.49,,,5.3,225.0,,,,,,,,,,
2022-02-13 20:51,2601,1.0,5.3,,,,,-4.31,,,5.4,225.0,,,,,,,,,,
2022-02-13 20:52,404,,3.9,0.0,0.0,-1.7,2000.0,-3.2,0.0,,5.3,180.0,0.82,,,,,,,,,
2022-02-13 20:52,381,-0.1,3.1,0.0,0.0,-2.3,2000.0,-5.7,0.0,,3.6,180.0,0.82,,,,,,,,,
2022-02-13 20:52,3961,1.8,,,,,,-3.57,0.0,,,,0.82,,,,,,,,,
2022-02-13 20:51,312,1.1,1.8,0.0,0.0,-0.9,2000.0,-3.8,1.0,,3.6,225.0,0.82,,,,,,,,,
2022-02-13 20:52,405,1.0,7.3,0.0,0.0,-2.7,2000.0,-4.6,0.0,,8.3,225.0,0.82,,,,,,,,,
2022-02-13 20:52,393,0.0,2.8,0.0,0.0,,2000.0,-5.6,0.0,,3.2,135.0,0.82,,,,,,,,,
2022-02-13 20:44,1222,0.6,5.7,,,-1.4,2000.0,-3.68,0.0,,9.5,225.0,0.82,-0.3,0.2,0.4,0.8,1.2,,1.6,2.1,2.6
2022-02-13 20:40,6551,0.5,3.9,0.0,0.0,-1.1,2000.0,-6.14,0.0,,,180.0,0.82,,,,,,,,,
2022-02-13 20:49,413,1.4,5.6,0.0,0.0,0.1,2000.0,-4.3,0.0,,7.3,180.0,0.82,,,,,,,,,
2022-02-13 20:48,412,0.7,3.2,0.0,0.0,0.0,2000.0,-4.7,0.0,,4.2,180.0,0.82,,,,,,,,,
2022-02-13 20:39,411,1.7,5.0,0.0,0.0,-1.0,2000.0,-3.8,1.0,,6.6,225.0,0.82,,,,,,,,,
2022-02-13 20:32,1143,1.5,4.5,,,0.6,,-2.09,0.0,,9.2,180.0,0.82,1.25,1.89,2.0,2.44,2.88,,3.47,3.97,4.43
2022-02-13 20:39,402,1.1,17.1,0.0,0.0,0.1,2000.0,-3.4,0.0,,18.6,180.0,0.82,1.05,1.41,1.39,1.8,2.37,,2.62,3.6,3.89
2022-02-13 20:23,414,3.1,2.8,0.0,0.0,-1.1,2000.0,-4.1,0.0,,5.3,225.0,0.82,-1.02,-0.85,-0.66,-0.35,0.08,,0.75,1.39,2.13
2022-02-13 20:23,415,0.8,5.1,0.0,0.0,-0.6,2000.0,-3.6,1.0,,7.6,180.0,0.82,0.13,1.13,0.89,1.49,2.23,,2.58,3.37,3.58
2022-02-13 20:36,1901,0.5,3.3,0.0,0.0,-1.1,2000.0,-3.92,0.0,,3.5,180.0,0.82,,,,,,,,,
2022-02-13 20:42,981,3.2,3.4,0.0,0.0,0.8,2000.0,-1.36,0.0,,8.8,180.0,0.82,,,,,,,,,
2022-02-13 20:40,5690,1.3,,,,0.8,,-3.99,0.0,,,,0.82,,,,,,,,,
2022-02-13 20:40,5210,1.3,6.0,0.0,0.0,0.7,2000.0,-3.95,0.0,,8.7,180.0,0.82,,,,,,,,,
2022-02-13 20:40,5650,0.8,,,,-1.9,,-6.93,0.0,,,,0.82,,,,,,,,,
2022-02-13 20:42,987,1.6,3.6,0.0,0.0,-1.6,2000.0,-3.47,1.0,,6.4,225.0,0.81,,,,,,,,,
2022-02-13 20:42,989,1.3,3.7,0.0,0.0,-0.9,2000.0,-3.37,0.0,,5.5,225.0,0.82,0.47,1.46,1.61,2.24,2.73,,3.04,3.37,3.61
2022-02-13 20:42,984,1.2,3.3,0.0,0.0,0.4,2000.0,-2.91,0.0,,5.9,225.0,0.82,,,,,,,,,
2022-02-13 20:41,941,0.3,2.8,0.0,0.0,-1.5,2000.0,-4.43,1.0,,3.2,180.0,0.82,,,,,,,,,
2022-02-13 20:40,5250,1.0,5.0,,,,,-4.29,,,5.2,225.0,,,,,,,,,,
2022-02-13 20:37,308,,2.0,0.0,0.0,-0.3,2000.0,-6.3,0.0,,3.2,225.0,0.82,0.92,1.34,1.47,2.03,2.42,,2.88,3.46,3.97
2022-02-13 20:38,310,,3.2,0.0,0.0,0.4,2000.0,-5.7,0.0,,4.2,180.0,0.82,,,,,,,,,
2022-02-13 20:40,1206,0.9,2.8,0.0,0.0,0.1,2000.0,-3.57,0.0,,5.5,180.0,0.82,0.57,1.85,1.82,2.32,2.7,,3.17,3.61,4.08
2022-02-13 20:38,363,0.9,5.3,0.0,0.0,-0.7,2000.0,-3.8,0.0,,7.1,180.0,0.82,0.69,1.1,1.58,2.06,3.22,,3.7,3.66,4.24
2022-02-13 20:38,361,,5.5,0.0,0.0,,2000.0,-3.9,1.0,,8.5,225.0,0.82,0.23,1.07,1.29,1.95,2.46,,2.72,3.15,3.56
2022-02-13 20:38,362,0.5,3.6,0.0,0.0,-1.2,2000.0,-4.8,1.0,,4.6,225.0,0.82,,,,,,,,,
2022-02-13 20:38,367,0.4,3.9,,,-0.7,,-3.5,1.0,,5.6,180.0,0.81,1.05,1.78,1.78,1.92,2.63,,3.03,3.31,3.96
2022-02-13 20:35,1101,-0.7,4.4,0.0,0.0,-2.3,2000.0,-5.7,0.0,,8.6,180.0,0.82,,,,,,,,,
2022-02-13 20:35,1132,0.0,3.5,0.0,0.0,,2000.0,-6.3,0.0,,6.9,180.0,0.82,0.68,1.58,1.63,2.28,2.74,,3.05,3.46,3.94
2022-02-13 20:35,1134,0.9,3.1,0.0,0.0,-2.0,2000.0,-5.98,0.0,,7.8,180.0,0.82,0.52,0.44,1.07,1.6,2.14,,2.52,2.87,3.21
2022-02-13 20:37,306,1.4,5.4,0.0,0.0,-0.6,2000.0,-6.3,1.0,,6.8,180.0,0.82,0.3,1.13,1.17,1.29,2.19,,2.27,2.89,3.21
2022-02-13 20:38,3821,1.5,6.3,0.0,0.0,0.2,2000.0,-3.76,1.0,,,225.0,0.82,,,,,,,,,
2022-02-13 20:37,2481,-0.6,5.8,0.0,0.0,-3.0,2000.0,-5.5,1.0,,6.1,180.0,0.81,,,,,,,,,
2022-02-13 20:22,4001,-0.9,3.4,0.0,0.0,-2.7,2000.0,-5.3,0.0,,3.5,180.0,0.82,,,,,,,,,
2022-02-13 20:35,1042,-0.2,3.3,0.0,0.0,,2000.0,,0.0,,6.2,180.0,0.82,0.32,0.95,0.8,1.21,1.62,,1.86,2.07,2.28
2022-02-13 20:35,1063,0.2,1.9,0.0,0.0,-3.9,2000.0,-5.2,1.0,,4.1,180.0,0.81,,,0.24,,1.37,,3.52,3.83,
2022-02-13 20:36,413,1.6,4.9,0.0,0.0,0.2,2000.0,-4.3,0.0,,6.3,225.0,0.82,,,,,,,,,
2022-02-13 20:40,412,0.8,3.2,0.0,0.0,0.1,2000.0,-4.7,0.0,,4.0,180.0,0.82,,,,,,,,,
2022-02-13 20:35,1071,1.0,3.5,,,,,-4.04,0.0,,5.5,135.0,0.82,1.2,1.98,2.01,2.58,3.08,,3.64,3.99,4.43
2022-02-13 20:35,1004,0.1,3.9,,,-0.4,,-4.71,0.0,,8.7,180.0,0.82,0.23,0.88,1.36,2.15,2.57,,3.01,3.39,3.98
2022-02-13 20:39,406,1.4,3.3,,,-1.8,,-5.0,0.0,,5.9,135.0,0.82,-0.27,0.48,0.69,0.98,1.42,,2.13,2.46,2.6
2022-02-13 20:35,1125,0.6,,0.0,0.0,-1.6,2000.0,-6.05,0.0,,,,0.82,-0.6,0.04,-0.39,-0.11,0.69,,1.26,1.92,2.54
2022-02-13 20:35,1061,1.9,5.7,0.0,0.0,-1.1,2000.0,-3.37,0.0,,9.0,180.0,0.82,,,,,,,,,
2022-02-13 20:39,410,1.3,4.5,,,-0.6,,-4.8,0.0,,5.4,180.0,0.82,,,,,,,,,
2022-02-13 20:22,401,0.8,6.9,0.0,0.0,-1.1,2000.0,-3.4,1.0,,8.8,270.0,0.82,,,,,,,,,
2022-02-13 20:35,1001,1.0,7.5,0.0,0.0,-1.2,2000.0,-4.24,1.0,,11.4,225.0,0.81,,,,,,,,,
2022-02-13 20:35,1006,1.2,3.9,0.0,0.0,-0.7,2000.0,-4.24,0.0,,8.4,225.0,0.82,,,,,,,,,
2022-02-13 20:37,2561,1.1,2.9,0.0,0.0,-0.7,2000.0,-4.52,1.0,,3.1,135.0,0.81,,,,,,,,,
2022-02-13 20:37,2902,1.3,1.2,0.0,0.0,0.1,2000.0,-4.18,2.0,,1.3,270.0,0.77,,,,,,,,,
2022-02-13 20:35,1066,0.8,4.8,0.0,0.0,-0.8,2000.0,-4.04,1.0,,11.5,225.0,0.81,0.48,1.02,,1.18,2.14,,2.99,3.81,4.66
2022-02-13 20:38,383,1.8,5.9,0.0,0.0,-0.1,2000.0,-3.1,0.0,,8.7,225.0,0.82,1.14,1.82,1.95,2.16,2.95,,3.44,3.67,4.39
2022-02-13 20:35,1008,1.6,5.2,0.0,0.0,-0.3,2000.0,-3.08,0.0,,7.6,225.0,0.82,,,,,,,,,
2022-02-13 20:38,316,1.4,7.7,0.0,0.0,0.1,2000.0,-3.3,0.0,,9.7,225.0,0.82,,,,,,,,,
2022-02-13 20:35,1012,0.9,3.6,0.0,0.0,0.0,2000.0,-3.76,0.0,,8.6,180.0,0.82,53.89,-34.5,29.3,,27.83,,30.77,-0.3,
2022-02-13 20:38,318,0.2,2.9,0.0,0.0,-1.4,2000.0,-3.9,1.0,,4.1,180.0,0.82,,,,,,,,,
2022-02-13 20:38,390,0.5,2.8,,,-0.1,,-3.6,1.0,,3.3,180.0,0.82,,,,,,,,,
2022-02-13 20:35,1015,0.8,4.3,0.0,0.0,-0.6,2000.0,-2.77,1.0,,6.1,180.0,0.81,0.57,1.51,1.6,2.2,3.14,,3.61,4.24,4.8
2022-02-13 20:38,382,2.8,5.2,0.0,0.0,1.0,2000.0,-0.9,0.0,,6.6,180.0,0.82,,,,,,,,,
2022-02-13 20:38,384,,5.1,0.0,0.0,-2.0,2000.0,-5.7,0.0,,7.8,225.0,0.82,,,,,,,,,
2022-02-13 20:37,2582,0.0,,,,,,,0.0,,,,0.82,,,,,,,,,
2022-02-13 20:37,2903,-0.3,2.7,0.0,0.0,-2.1,2000.0,-6.4,0.0,,3.1,180.0,0.82,-0.07,0.38,0.43,1.08,1.63,,2.06,2.55,3.16
2022-02-13 20:38,386,-0.6,3.2,0.0,0.0,-2.7,2000.0,-6.1,0.0,,4.3,90.0,0.82,,,,,,,,,
2022-02-13 20:37,2501,0.0,2.4,0.0,0.0,-2.7,2000.0,-5.7,1.0,,2.5,225.0,0.81,,,,,,,,,
2022-02-13 20:39,403,0.8,3.8,0.0,0.0,-1.6,2000.0,-4.7,0.0,,4.4,225.0,0.82,,,,,,,,,
2022-02-13 20:35,1104,-0.3,1.3,0.0,0.0,-4.9,2000.0,-6.3,1.0,,4.3,225.0,0.81,-2.2,-1.5,-0.7,-0.8,-0.2,,0.5,1.3,2.1
2022-02-13 20:09,407,0.4,5.4,0.0,0.0,-2.6,2000.0,-5.4,1.0,,7.1,225.0,0.82,,,,,,,,,
2022-02-13 20:38,385,-0.5,6.5,0.0,0.0,-3.0,2000.0,-6.1,0.0,,7.9,180.0,0.82,,,,,,,,,
2022-02-13 20:35,1068,-1.3,3.6,0.0,0.0,-2.2,2000.0,-5.6,0.0,,5.6,180.0,0.82,-1.5,-0.6,-0.1,0.3,0.8,,1.2,1.7,2.3
2022-02-13 20:38,387,-0.5,5.3,,,,,,,,6.1,225.0,,,,,,,,,,
2022-02-13 20:09,3981,0.1,2.0,0.0,0.24,-2.6,1999.0,-6.04,0.0,,2.1,180.0,0.82,,,,,,,,,
2022-02-13 20:35,1122,0.2,2.6,0.0,0.0,-3.7,2000.0,-5.8,0.0,,6.5,225.0,0.82,,,,,,,,,
2022-02-13 20:39,409,1.2,3.0,0.0,0.0,-2.2,2000.0,-4.8,0.0,,5.6,225.0,0.82,,,,,,,,,
2022-02-13 20:22,3941,1.3,2.1,0.0,0.0,-2.1,2000.0,-4.57,0.0,,2.6,0.0,0.82,-0.28,-0.76,-0.52,-0.17,0.4,,0.18,1.6,2.08
2022-02-13 19:53,408,1.5,3.2,0.0,0.0,-2.0,2000.0,-5.1,1.0,,4.1,180.0,0.82,,,,,,,,,
2022-02-13 20:35,1123,0.8,6.0,0.0,0.0,-1.9,2000.0,-4.62,0.0,,8.7,180.0,0.82,-0.48,-0.26,-0.1,0.36,0.82,,1.39,2.02,2.62
2022-02-13 20:38,395,1.2,5.9,0.0,0.0,-1.7,2000.0,-4.6,1.0,,7.2,180.0,0.82,,,,,,,,,
2022-02-13 20:38,394,1.8,1.8,0.0,0.0,-0.4,2000.0,-4.3,0.0,,3.1,180.0,0.82,,,,,,,,,
2022-02-13 20:38,391,-0.2,4.9,0.0,0.0,,2000.0,-5.3,0.0,,5.5,180.0,0.82,,,,,,,,,
2022-02-13 20:38,392,0.5,0.0,0.0,0.0,-2.1,2000.0,-4.9,0.0,,0.0,0.0,0.82,,,,,,,,,
2022-02-13 20:38,314,0.9,4.1,,,-1.0,,-3.4,0.0,,5.7,0.0,0.82,,,,,,,,,
2022-02-13 20:37,2581,1.3,6.3,0.0,0.0,-1.2,2000.0,-4.59,0.0,,6.6,135.0,0.82,,,,,,,,,
2022-02-13 20:14,961,0.9,5.0,0.0,0.0,-1.1,2000.0,-3.63,1.0,,5.4,180.0,0.81,,,,,,,,,
2022-02-13 20:38,320,1.1,6.4,0.0,0.0,-1.3,2000.0,-3.1,1.0,,8.1,180.0,0.82,,,,,,,,,
2022-02-13 20:39,3962,,6.6,0.0,0.0,-0.8,2000.0,-4.0,0.0,,6.8,180.0,0.82,,,,,,,,,
2022-02-13 20:38,3481,1.4,6.1,0.0,0.0,-0.2,2000.0,-3.95,0.0,,6.5,225.0,0.82,,,,,,,,,
2022-02-13 20:35,1003,1.9,17.4,0.0,0.0,-0.4,2000.0,-4.18,,,11.6,180.0,,,,,,,,,,
2022-02-13 20:38,388,0.3,5.2,,,-1.7,,-2.8,1.0,,6.6,180.0,0.81,,,,,,,,,
2022-02-13 20:38,389,1.0,4.5,,,-1.2,,-3.2,0.0,,5.9,180.0,0.82,,,,,,,,,
2022-02-13 20:37,229,1.6,0.4,0.0,0.0,-0.8,2000.0,-2.1,0.0,,0.7,90.0,0.82,,,,,,,,,
2022-02-13 20:35,1082,1.2,6.7,0.0,0.0,-0.8,2000.0,-3.1,0.0,,10.4,180.0,0.82,,,,,,,,,
2022-02-13 20:37,2601,1.2,3.8,,,,,-4.28,,,4.0,225.0,,,,,,,,,,
2022-02-13 20:39,404,,3.7,0.0,0.0,-1.7,2000.0,-3.2,0.0,,4.9,180.0,0.82,,,,,,,,,
2022-02-13 20:38,381,0.2,3.2,0.0,0.0,-2.0,2000.0,-5.8,0.0,,3.5,180.0,0.82,,,,,,,,,
2022-02-13 20:38,3961,1.7,,,,,,-3.55,0.0,,,,0.82,,,,,,,,,
2022-02-13 20:38,312,1.1,3.4,0.0,0.0,-0.8,2000.0,-3.9,1.0,,5.2,225.0,0.82,,,,,,,,,
2022-02-13 20:39,405,0.9,7.1,0.0,0.0,-2.6,2000.0,-4.4,0.0,,8.3,225.0,0.82,,,,,,,,,
2022-02-13 20:22,393,0.1,3.4,0.0,0.0,,2000.0,-5.7,0.0,,5.0,135.0,0.82,,,,,,,,,
2022-02-13 20:40,1222,0.6,6.0,,0.0,-1.4,2000.0,-3.68,0.0,,10.8,180.0,0.82,-0.3,0.2,0.4,0.8,1.3,,1.6,2.1,2.6
2022-02-13 20:21,308,,2.1,0.0,0.0,-0.3,2000.0,-6.3,0.0,,3.7,180.0,0.82,1.06,1.41,1.46,2.04,2.42,,2.88,3.46,3.97
2022-02-13 20:24,6551,0.8,4.6,0.0,0.0,-1.0,2000.0,-6.29,0.0,,,180.0,0.82,,,,,,,,,
2022-02-13 19:35,1208,1.4,0.9,0.0,0.0,0.0,2000.0,-5.73,0.0,,2.8,225.0,0.82,-0.16,0.0,1.0,1.19,1.61,,1.82,2.32,2.79
2022-02-13 20:21,310,,4.4,0.0,0.0,0.5,2000.0,-5.8,0.0,,5.7,180.0,0.82,,,,,,,,,
2022-02-13 20:32,1206,1.0,3.1,0.0,0.0,-0.1,2000.0,-3.66,0.0,,6.9,180.0,0.82,0.63,1.85,1.82,2.32,2.73,,3.17,3.64,4.08
2022-02-13 20:22,363,1.0,4.6,0.0,0.0,-0.7,2000.0,-3.8,0.0,,5.4,180.0,0.82,0.79,1.16,1.57,2.06,3.22,,3.7,3.65,4.24
2022-02-13 20:22,361,,5.9,0.0,0.0,,2000.0,-3.9,1.0,,6.6,180.0,0.82,0.31,1.12,1.28,1.95,2.46,,2.71,3.15,3.56
2022-02-13 20:22,362,0.6,3.9,0.0,0.0,-0.9,2000.0,-4.9,1.0,,5.1,225.0,0.82,,,,,,,,,
2022-02-13 20:05,1209,0.2,5.8,0.0,0.0,-1.0,2000.0,-3.7,1.0,,8.7,225.0,0.81,0.04,0.66,0.95,1.7,2.22,,2.64,3.06,3.48
2022-02-13 20:22,367,0.4,3.9,,,-0.5,,-3.4,1.0,,5.1,180.0,0.81,1.2,1.85,1.76,1.92,2.64,,3.03,3.31,3.96
2022-02-13 18:05,1187,2.0,3.7,0.0,0.0,,2000.0,-1.78,0.0,,8.3,225.0,0.8,2.7,2.6,2.9,3.5,3.9,,4.3,4.7,5.4
2022-02-13 20:20,1101,-0.5,4.2,0.0,0.0,-2.2,2000.0,-5.7,0.0,,7.3,180.0,0.82,,,,,,,,,
2022-02-13 20:20,1132,0.2,3.9,0.0,0.0,,2000.0,-5.59,0.0,,8.4,180.0,0.82,0.83,1.63,1.63,2.28,2.75,,3.06,3.45,3.92
2022-02-13 20:20,1134,1.2,3.3,0.0,0.0,-1.8,2000.0,-6.14,0.0,,8.3,180.0,0.82,0.63,0.5,1.07,1.61,2.15,,2.53,2.89,3.22
2022-02-13 20:20,1135,1.5,2.8,0.0,0.0,-0.4,2000.0,-5.2,0.0,,8.1,135.0,0.82,1.01,1.5,1.19,1.02,1.24,,2.14,2.33,2.57
2022-02-13 20:21,306,1.3,5.2,0.0,0.0,-0.8,2000.0,-6.2,1.0,,6.2,180.0,0.82,0.4,1.18,1.16,1.3,2.19,,2.27,2.89,3.21
2022-02-13 20:22,3821,1.4,6.1,0.0,0.0,0.4,2000.0,-3.66,1.0,,,225.0,0.82,,,,,,,,,
2022-02-13 20:05,1211,-1.0,4.5,,,-4.4,2000.0,-6.9,0.0,,9.7,180.0,0.82,,,,,,,,,
2022-02-13 20:21,2481,-0.4,6.1,0.0,0.0,-2.9,2000.0,-5.4,1.0,,6.3,180.0,0.81,,,,,,,,,
2022-02-13 20:20,1042,0.0,3.2,0.0,0.0,,2000.0,,0.0,,6.6,180.0,0.82,0.45,1.02,0.79,1.23,1.62,,1.86,2.08,2.28
2022-02-13 20:20,1063,0.6,1.9,0.0,0.0,-3.6,2000.0,-5.21,1.0,,4.4,180.0,0.81,,,0.3,,1.45,,3.41,3.85,
2022-02-13 20:09,413,1.6,4.6,0.0,0.0,0.3,2000.0,-4.2,0.0,,5.7,180.0,0.82,,,,,,,,,
2022-02-13 20:13,412,0.9,3.8,0.0,0.0,0.2,2000.0,-4.8,0.0,,4.3,180.0,0.82,,,,,,,,,
2022-02-13 20:20,1071,0.9,3.2,,,,,-3.95,0.0,,5.5,135.0,0.82,1.26,2.01,2.01,2.51,3.11,,3.64,3.99,4.43
2022-02-13 20:20,1004,0.1,4.8,,,-0.6,,-4.71,0.0,,9.5,180.0,0.82,0.33,0.9,1.34,2.14,2.57,,3.01,3.38,3.97
2022-02-13 20:05,1241,1.4,3.3,0.0,0.0,-0.8,2000.0,-5.18,0.0,,3.8,225.0,0.82,,,,,,,,,
2022-02-13 20:22,406,1.4,2.7,,,-1.5,,-5.0,0.0,,4.0,180.0,0.82,-0.16,0.53,0.68,0.99,1.42,,2.13,2.46,2.6
2022-02-13 20:20,1125,0.9,,0.0,0.0,-1.5,2000.0,-5.98,0.0,,,,0.82,-0.52,0.08,-0.42,-0.11,0.69,,1.25,1.94,2.56
2022-02-13 20:20,1061,1.9,5.6,0.0,0.0,-1.0,2000.0,-3.37,0.0,,8.3,180.0,0.82,,,,,,,,,
2022-02-13 20:09,411,1.7,4.2,0.0,0.0,-1.1,2000.0,-3.8,0.0,,6.3,225.0,0.82,,,,,,,,,
2022-02-13 19:53,410,1.9,5.1,,,-0.1,,-4.8,0.0,,5.9,180.0,0.82,,,,,,,,,
2022-02-13 20:20,1001,1.0,7.6,0.0,0.0,-1.1,2000.0,-4.04,1.0,,11.3,225.0,0.81,,,,,,,,,
2022-02-13 20:05,125,0.9,4.7,,,-1.2,,-3.72,1.0,,5.0,180.0,0.82,,,,,,,,,
2022-02-13 20:22,402,1.2,16.9,0.0,0.0,0.1,2000.0,-3.4,0.0,,18.7,180.0,0.82,1.14,1.45,1.38,1.8,2.37,,2.62,3.6,3.89
2022-02-13 20:20,1006,1.2,3.5,0.0,0.0,-0.7,2000.0,-4.24,0.0,,9.0,225.0,0.82,,,,,,,,,
2022-02-13 20:21,2561,1.1,1.9,0.0,0.0,-0.8,2000.0,-4.56,1.0,,2.1,225.0,0.81,,,,,,,,,
2022-02-13 20:21,2902,1.4,4.4,0.0,0.0,0.1,2000.0,-4.23,2.0,,4.8,225.0,0.77,,,,,,,,,
2022-02-13 20:20,1066,0.8,5.1,0.0,0.0,-0.7,2000.0,-4.04,1.0,,10.5,225.0,0.81,0.52,1.05,,1.17,2.15,,2.96,3.81,4.64
2022-02-13 20:22,383,1.8,5.1,0.0,0.0,0.1,2000.0,-3.0,0.0,,8.2,180.0,0.82,1.23,1.87,1.94,2.16,2.95,,3.45,3.68,4.4
2022-02-13 20:20,1008,1.5,4.9,0.0,0.0,-0.3,2000.0,-2.99,0.0,,7.8,225.0,0.82,,,,,,,,,
2022-02-13 20:05,1214,1.4,7.1,0.0,0.0,0.2,2000.0,-3.85,0.0,,10.4,180.0,0.82,-0.17,-2.84,-2.86,-4.97,-4.78,,-36.48,-2.3,-0.1
2022-02-13 20:22,316,1.3,7.3,0.0,0.0,0.0,2000.0,-3.1,0.0,,10.3,225.0,0.82,,,,,,,,,
2022-02-13 20:20,1012,0.9,3.5,0.0,0.0,0.1,2000.0,-3.76,0.0,,7.2,180.0,0.82,48.9,,29.83,,28.11,,31.13,-0.36,
2022-02-13 20:22,318,0.3,2.4,0.0,0.0,-1.4,2000.0,-4.0,1.0,,3.0,180.0,0.82,,,,,,,,,
2022-02-13 20:21,1901,0.6,4.8,0.0,0.0,-1.0,2000.0,-4.06,0.0,,5.3,180.0,0.82,,,,,,,,,
2022-02-13 19:35,1189,0.4,3.5,,,,2000.0,-3.16,0.0,,6.2,180.0,0.82,,,,,,,,,
2022-02-13 20:22,390,0.5,2.1,,,-0.1,,-3.6,1.0,,2.5,180.0,0.82,,,,,,,,,
2022-02-13 20:20,1015,0.9,4.0,0.0,0.0,-0.4,2000.0,-2.67,1.0,,5.9,180.0,0.81,0.66,1.54,1.57,2.2,3.14,,3.61,4.24,4.83
2022-02-13 20:22,382,2.7,4.8,0.0,0.0,1.1,2000.0,-1.0,0.0,,7.8,180.0,0.82,,,,,,,,,
2022-02-13 20:25,981,3.3,3.5,0.0,0.0,1.1,2000.0,-1.26,0.0,,8.6,180.0,0.82,,,,,,,,,
2022-02-13 20:24,5690,1.3,,,,0.9,,-3.89,0.0,,,,0.82,,,,,,,,,
2022-02-13 20:22,384,,4.2,0.0,0.0,-2.1,2000.0,-5.7,0.0,,5.3,180.0,0.82,,,,,,,,,
2022-02-13 20:21,2582,-0.1,,,,,,,0.0,,,,0.82,,,,,,,,,
2022-02-13 20:21,2903,-0.2,1.0,0.0,0.0,-1.9,2000.0,-6.5,0.0,,1.1,180.0,0.82,-0.01,0.42,0.41,1.09,1.63,,2.05,2.56,3.16
2022-02-13 20:08,386,-0.3,4.3,0.0,0.0,-2.2,2000.0,-5.9,0.0,,6.3,90.0,0.82,,,,,,,,,
2022-02-13 20:21,2501,-0.2,1.6,0.0,0.0,-2.7,2000.0,-5.7,0.0,,1.7,225.0,0.82,,,,,,,,,
2022-02-13 20:09,403,0.7,5.0,0.0,0.0,-1.5,2000.0,-4.8,0.0,,6.2,225.0,0.82,,,,,,,,,
2022-02-13 20:24,5210,1.3,5.3,0.0,0.0,0.9,2000.0,-3.95,0.0,,8.5,180.0,0.82,,,,,,,,,
2022-02-13 20:20,1104,-0.1,1.5,0.0,0.0,-4.6,2000.0,-6.3,1.0,,4.6,225.0,0.81,-2.2,-1.5,-0.8,-0.8,-0.2,,0.5,1.3,2.1
2022-02-13 20:05,1401,-0.6,1.2,0.0,0.0,-2.9,2000.0,-7.0,1.0,,1.3,315.0,0.81,,,,,,,,,
2022-02-13 20:22,385,-0.3,6.4,0.0,0.0,-3.0,2000.0,-6.1,0.0,,7.5,180.0,0.82,,,,,,,,,
2022-02-13 20:20,1068,-1.2,3.8,0.0,0.0,-2.1,2000.0,-5.7,0.0,,6.4,180.0,0.82,-1.4,-0.6,-0.1,0.3,0.8,,1.2,1.7,2.3
2022-02-13 20:22,387,-0.5,5.4,,,,,,,,6.5,225.0,,,,,,,,,,
2022-02-13 20:20,1122,0.1,2.3,0.0,0.0,-3.6,2000.0,-5.69,0.0,,5.1,225.0,0.82,,,,,,,,,
2022-02-13 20:05,1522,0.8,3.5,,,-2.1,,-6.29,0.0,,3.8,180.0,0.82,,,,,,,,,
2022-02-13 20:22,409,1.3,2.8,,0.0,-2.1,2000.0,-4.8,0.0,,4.1,180.0,0.82,,,,,,,,,
2022-02-13 20:24,5650,0.8,,,,-1.9,,-6.9,0.0,,,,0.82,,,,,,,,,
2022-02-13 20:20,1123,0.9,6.2,0.0,0.0,-1.6,2000.0,-4.53,0.0,,9.3,225.0,0.82,-0.44,-0.21,-0.1,0.38,0.86,,1.42,2.04,2.64
2022-02-13 20:22,395,1.3,5.6,0.0,0.0,-1.2,2000.0,-4.5,1.0,,7.5,180.0,0.82,,,,,,,,,
2022-02-13 20:22,394,1.8,1.1,0.0,0.0,-0.2,2000.0,-4.3,0.0,,1.8,180.0,0.82,,,,,,,,,
2022-02-13 20:20,1138,1.4,7.3,0.0,0.0,-1.2,2000.0,-3.47,0.0,,10.1,180.0,0.81,-0.16,0.0,-0.06,0.38,0.69,,1.44,2.26,2.7
2022-02-13 20:22,391,0.1,5.4,0.0,0.0,,2000.0,-5.3,0.0,,5.8,180.0,0.82,,,,,,,,,
2022-02-13 20:22,392,0.7,0.0,0.0,0.0,-1.8,2000.0,-5.0,0.0,,0.0,0.0,0.82,,,,,,,,,
2022-02-13 20:20,1140,0.0,1.3,0.0,0.0,1.3,2000.0,-5.8,0.0,,3.7,180.0,0.82,-0.36,0.13,0.81,1.73,2.44,,2.94,3.37,3.29
2022-02-13 20:25,987,1.7,3.3,0.0,0.0,-1.6,2000.0,-3.57,1.0,,5.6,225.0,0.81,,,,,,,,,
2022-02-13 20:25,989,1.4,3.6,0.0,0.0,-0.9,2000.0,-3.47,0.0,,5.3,180.0,0.82,0.6,1.53,1.58,2.24,2.73,,3.05,3.37,3.61
2022-02-13 20:25,984,1.5,3.8,0.0,0.0,0.8,2000.0,-2.99,0.0,,6.5,225.0,0.82,,,,,,,,,
2022-02-13 20:21,314,0.8,3.9,,,-1.0,,-3.3,0.0,,6.0,0.0,0.82,,,,,,,,,
2022-02-13 20:21,2581,1.4,7.0,0.0,0.0,-1.1,2000.0,-4.91,0.0,,7.1,135.0,0.82,,,,,,,,,
2022-02-13 20:25,941,0.4,5.1,0.0,0.0,-1.4,2000.0,-4.52,1.0,,5.8,180.0,0.82,,,,,,,,,
2022-02-13 20:22,320,1.2,6.2,0.0,0.0,-1.3,2000.0,-3.2,1.0,,8.6,225.0,0.82,,,,,,,,,
2022-02-13 20:22,3962,,6.8,0.0,0.0,-0.9,2000.0,-3.6,0.0,,7.0,180.0,0.82,,,,,,,,,
2022-02-13 20:05,1223,1.2,2.6,,,-1.5,,-3.04,,,2.7,180.0,,,,,,,,,,
2022-02-13 20:22,3481,1.3,4.2,0.0,0.0,-0.3,2000.0,-3.97,0.0,,4.3,225.0,0.82,,,,,,,,,
2022-02-13 20:20,1003,1.7,16.1,0.0,0.0,-0.5,2000.0,-3.96,,,9.7,135.0,,,,,,,,,,
2022-02-13 20:05,1481,1.8,4.1,0.0,0.0,1.7,2000.0,-3.67,0.0,,7.8,225.0,0.82,,,,,,,,,
2022-02-13 20:22,388,0.4,5.4,,,-1.6,,-2.8,1.0,,6.8,180.0,0.81,,,,,,,,,
2022-02-13 20:22,389,0.8,3.9,,,-1.2,,-3.3,0.0,,4.8,180.0,0.82,,,,,,,,,
2022-02-13 20:21,229,1.6,0.3,0.0,0.0,-1.1,2000.0,-2.1,0.0,,0.9,180.0,0.82,,,,,,,,,
2022-02-13 20:20,1082,1.2,7.2,0.0,0.0,-0.9,2000.0,-3.1,0.0,,10.5,180.0,0.82,,,,,,,,,
2022-02-13 20:24,5250,1.1,5.4,,,,,-4.36,,,5.7,225.0,,,,,,,,,,
2022-02-13 20:21,2601,1.2,3.8,,,,,-4.28,,,3.9,225.0,,,,,,,,,,
2022-02-13 20:22,404,,2.7,0.0,0.0,-1.8,2000.0,-3.2,0.0,,4.6,180.0,0.82,,,,,,,,,
2022-02-13 20:22,381,0.4,2.8,0.0,0.0,-2.0,2000.0,-5.8,0.0,,3.3,180.0,0.82,,,,,,,,,
2022-02-13 20:22,3961,1.5,,,,,,-3.48,0.0,,,,0.82,,,,,,,,,
2022-02-13 20:21,312,1.1,3.9,0.0,0.0,-0.8,2000.0,-4.0,0.0,,5.7,225.0,0.82,,,,,,,,,
2022-02-13 20:22,405,1.1,6.3,0.0,0.0,-2.6,2000.0,-4.4,0.0,,7.0,225.0,0.82,,,,,,,,,
2022-02-13 20:32,1222,0.7,5.8,,0.0,-1.3,2000.0,-3.58,0.0,,9.8,225.0,0.82,-0.3,0.2,0.4,0.8,1.2,,1.6,2.1,2.6
2022-02-13 20:10,6551,1.1,5.1,0.0,0.0,-0.8,2000.0,-6.23,0.0,,,180.0,0.82,,,,,,,,,
2022-02-13 20:12,1206,1.1,3.4,0.0,0.0,0.1,2000.0,-3.75,0.0,,7.9,180.0,0.82,0.75,1.85,1.82,2.32,2.73,,3.17,3.64,4.08
2022-02-13 20:20,1143,1.7,4.6,,,0.5,,-2.07,0.0,,8.1,180.0,0.82,1.31,1.96,2.0,2.48,2.88,,3.49,3.98,4.47
2022-02-13 19:53,402,1.4,17.4,0.0,0.0,0.4,2000.0,-3.4,0.0,,18.6,180.0,0.82,1.27,1.5,1.35,1.81,2.37,,2.62,3.59,3.89
2022-02-13 20:06,1901,0.8,5.4,0.0,0.0,-0.9,2000.0,-4.08,0.0,,5.5,180.0,0.82,,,,,,,,,
2022-02-13 20:11,981,3.3,3.9,0.0,0.0,1.0,2000.0,-1.45,0.0,,9.8,180.0,0.82,,,,,,,,,
2022-02-13 20:10,5690,1.4,,,,1.0,,-3.79,0.0,,,,0.82,,,,,,,,,
2022-02-13 20:10,5210,1.5,5.3,0.0,0.0,0.9,2000.0,-3.95,0.0,,8.2,180.0,0.82,,,,,,,,,
2022-02-13 20:10,5650,0.9,,,,-1.7,,-6.81,0.0,,,,0.82,,,,,,,,,
2022-02-13 20:11,987,1.9,3.8,0.0,0.0,-1.3,2000.0,-3.57,1.0,,6.7,180.0,0.81,,,,,,,,,
2022-02-13 20:11,989,1.5,3.3,0.0,0.0,-0.8,2000.0,-3.37,0.0,,5.4,225.0,0.82,0.72,1.59,1.58,2.25,2.74,,3.08,3.36,3.61
2022-02-13 20:11,984,1.7,4.2,0.0,0.0,0.9,2000.0,-2.8,0.0,,6.9,225.0,0.82,,,,,,,,,
2022-02-13 20:11,941,0.4,5.8,0.0,0.0,-1.3,2000.0,-4.6,1.0,,6.0,180.0,0.82,,,,,,,,,
2022-02-13 20:10,5250,0.9,6.3,,,,,-4.59,,,6.7,225.0,,,,,,,,,,
2022-02-13 20:12,1222,0.7,5.2,,0.0,-1.4,2000.0,-3.58,0.0,,9.4,225.0,0.82,-0.2,0.3,0.4,0.8,1.2,,1.6,2.1,2.6
2022-02-13 20:07,308,,2.5,0.0,0.0,-0.1,2000.0,-6.5,0.0,,4.3,180.0,0.82,1.18,1.46,1.45,2.04,2.43,,2.87,3.45,3.97
2022-02-13 20:07,310,,4.5,0.0,0.0,0.6,2000.0,-5.7,0.0,,5.8,180.0,0.82,,,,,,,,,
2022-02-13 19:56,1206,1.2,3.5,0.0,0.0,0.3,2000.0,-3.66,0.0,,6.8,180.0,0.82,0.85,1.91,1.82,2.32,2.76,,3.17,3.61,4.08
2022-02-13 20:07,363,1.2,5.4,0.0,0.0,-0.6,2000.0,-3.9,0.0,,7.6,180.0,0.82,0.88,1.21,1.56,2.06,3.22,,3.7,3.66,4.24
2022-02-13 20:07,361,,7.9,0.0,0.0,,2000.0,-4.1,1.0,,9.8,180.0,0.82,0.4,1.17,1.26,1.95,2.46,,2.71,3.15,3.56
2022-02-13 20:07,362,0.7,4.7,0.0,0.0,-0.9,2000.0,-4.9,1.0,,6.1,225.0,0.82,,,,,,,,,
2022-02-13 20:07,367,0.4,3.8,,,-0.4,,-3.3,1.0,,5.2,180.0,0.81,1.33,1.91,1.75,1.92,2.64,,3.03,3.3,3.96
2022-02-13 20:05,1101,-0.3,4.6,0.0,0.0,-2.1,2000.0,-5.7,0.0,,8.5,180.0,0.82,,,,,,,,,
2022-02-13 19:50,1132,0.6,3.4,0.0,0.0,,2000.0,-5.62,0.0,,7.0,180.0,0.82,1.13,1.77,1.59,2.28,2.73,,3.05,3.44,3.94
2022-02-13 19:50,1134,1.4,3.2,0.0,0.0,-1.5,2000.0,-5.95,0.0,,6.1,225.0,0.82,0.85,0.55,1.03,1.6,2.13,,2.51,2.88,3.21
2022-02-13 19:50,1135,1.8,2.9,0.0,0.0,-0.2,2000.0,-4.91,0.0,,7.0,180.0,0.82,1.22,1.57,1.14,0.98,1.22,,2.11,2.3,2.52
2022-02-13 20:07,306,1.2,5.7,0.0,0.0,-0.8,2000.0,-6.2,1.0,,7.8,180.0,0.82,0.5,1.23,1.15,1.3,2.19,,2.27,2.89,3.21
2022-02-13 20:08,3821,1.4,5.9,0.0,0.0,0.4,2000.0,-3.47,1.0,,,225.0,0.82,,,,,,,,,
2022-02-13 20:06,2481,-0.3,5.3,0.0,0.0,-2.6,2000.0,-5.3,0.0,,5.5,180.0,0.82,,,,,,,,,
2022-02-13 20:09,4001,-0.5,3.2,0.0,0.0,-2.5,2000.0,-5.2,0.0,,3.5,180.0,0.82,,,,,,,,,
2022-02-13 20:05,1042,-0.1,2.6,0.0,0.0,,2000.0,,0.0,,6.3,180.0,0.82,0.57,1.07,0.76,1.2,1.61,,1.85,2.06,2.26
2022-02-13 20:05,1063,0.6,1.7,0.0,0.0,-3.5,2000.0,-5.21,1.0,,5.1,180.0,0.81,,,0.58,,1.42,,3.62,4.02,
2022-02-13 20:10,412,0.9,4.0,0.0,0.0,0.2,2000.0,-4.8,0.0,,5.0,180.0,0.82,,,,,,,,,
2022-02-13 20:05,1071,0.9,2.8,,,,1.0,-3.95,0.0,,5.2,135.0,,1.38,2.1,1.95,2.55,3.11,,3.64,3.99,4.43
2022-02-13 19:50,1004,0.3,4.5,,,-0.7,,-4.9,0.0,,8.9,180.0,0.82,0.53,0.99,1.32,2.17,2.58,,3.01,3.39,3.98
2022-02-13 20:09,406,1.4,2.6,,,-1.6,,-4.9,0.0,,4.4,180.0,0.82,-0.07,0.58,0.67,0.99,1.42,,2.12,2.46,2.6
2022-02-13 20:05,1125,1.2,,0.0,0.0,-1.0,2000.0,-5.92,0.0,,,,0.82,-0.44,0.11,-0.43,-0.12,0.67,,1.25,1.92,2.55
2022-02-13 20:05,1061,1.8,5.5,0.0,0.0,-1.1,2000.0,-3.47,0.0,,9.0,180.0,0.82,,,,,,,,,
2022-02-13 20:08,1143,1.9,5.1,,,0.6,,-2.06,0.0,,8.3,180.0,0.82,1.39,1.98,1.97,2.46,2.86,,3.48,3.95,4.45
2022-02-13 20:09,401,0.9,6.0,0.0,0.0,-1.0,2000.0,-3.4,1.0,,8.3,225.0,0.82,,,,,,,,,
2022-02-13 20:05,1001,1.1,7.4,0.0,0.0,-1.1,2000.0,-4.14,1.0,,10.6,225.0,0.81,,,,,,,,,
2022-02-13 20:05,1129,1.5,4.6,0.0,0.0,,2000.0,-3.18,0.0,,8.9,180.0,0.82,0.54,0.75,1.03,1.59,1.89,,2.46,3.44,3.68
2022-02-13 20:05,1006,1.1,3.4,0.0,0.0,-0.9,2000.0,-4.34,0.0,,7.9,225.0,0.82,,,,,,,,,
2022-02-13 20:06,2561,1.0,1.6,0.0,0.0,-0.9,2000.0,-4.57,1.0,,1.8,135.0,0.81,,,,,,,,,
2022-02-13 20:07,2902,1.3,7.3,0.0,0.0,0.0,2000.0,-4.18,2.0,,7.7,315.0,0.77,,,,,,,,,
2022-02-13 20:09,414,2.9,1.4,0.0,0.0,-1.0,2000.0,-4.1,0.0,,2.2,225.0,0.82,-1.01,-0.84,-0.66,-0.35,0.08,,0.75,1.39,2.14
2022-02-13 20:05,1066,0.8,5.2,0.0,0.0,-0.6,2000.0,-4.04,1.0,,9.6,225.0,0.81,0.53,1.08,,1.18,2.14,,2.95,3.77,4.64
2022-02-13 20:09,415,0.9,4.8,0.0,0.0,-0.4,2000.0,-3.6,1.0,,6.0,180.0,0.82,0.2,1.18,0.88,1.49,2.23,,2.58,3.38,3.58
2022-02-13 20:08,383,1.8,3.1,0.0,0.0,0.0,2000.0,-3.0,0.0,,5.4,225.0,0.82,1.3,1.91,1.93,2.16,2.96,,3.44,3.67,4.4
2022-02-13 20:05,1008,1.5,4.5,0.0,0.0,-0.3,2000.0,-2.99,0.0,,7.8,225.0,0.82,,,,,,,,,
2022-02-13 20:07,316,1.4,7.4,0.0,0.0,-0.1,2000.0,-3.3,0.0,,8.6,225.0,0.82,,,,,,,,,
2022-02-13 20:05,1012,0.9,3.7,0.0,0.0,0.1,2000.0,-3.57,0.0,,8.4,180.0,0.82,38.38,7.35,29.16,,27.53,,31.39,0.28,
2022-02-13 20:07,318,0.3,1.6,0.0,0.0,-1.4,2000.0,-3.9,1.0,,2.4,180.0,0.82,,,,,,,,,
2022-02-13 20:08,390,0.6,3.1,,,0.1,,-3.6,1.0,,4.0,180.0,0.82,,,,,,,,,
2022-02-13 20:05,1015,0.9,4.1,0.0,0.0,-0.5,2000.0,-2.85,1.0,,6.3,180.0,0.81,0.75,1.57,1.57,2.2,3.08,,3.61,4.24,4.83
2022-02-13 20:08,382,2.8,6.3,0.0,0.0,1.3,2000.0,-1.1,0.0,,7.7,180.0,0.82,,,,,,,,,
2022-02-13 20:08,384,,3.5,0.0,0.0,-1.8,2000.0,-5.6,0.0,,5.9,225.0,0.82,,,,,,,,,
2022-02-13 20:06,2582,0.2,,,,,,-6.25,0.0,,,,0.82,,,,,,,,,
2022-02-13 19:35,1074,0.7,3.7,0.0,0.0,-1.5,2000.0,-5.74,0.0,,6.0,180.0,0.82,0.26,0.59,0.4,0.61,1.05,,1.37,2.11,2.65
2022-02-13 20:07,2903,-0.1,2.1,0.0,0.0,-1.7,2000.0,-6.5,0.0,,2.2,135.0,0.82,0.07,0.46,0.4,1.09,1.63,,2.06,2.56,3.16
2022-02-13 20:06,2501,-0.1,0.8,0.0,0.0,-2.6,2000.0,-6.0,0.0,,0.9,135.0,0.82,,,,,,,,,
2022-02-13 20:05,1104,-0.1,1.4,0.0,0.0,-4.6,2000.0,-6.0,1.0,,3.6,225.0,0.81,-2.1,-1.5,-0.8,-0.8,-0.2,,0.5,1.3,2.1
2022-02-13 20:08,385,-0.1,6.5,0.0,0.0,-2.9,2000.0,-6.0,0.0,,8.1,180.0,0.82,,,,,,,,,
2022-02-13 20:05,1068,-1.2,3.4,0.0,0.0,-2.0,2000.0,-5.7,0.0,,5.3,180.0,0.82,-1.3,-0.5,-0.1,0.3,0.8,,1.2,1.7,2.3
2022-02-13 20:08,387,-0.3,5.3,,,,,,,,6.0,180.0,,,,,,,,,,
2022-02-13 20:05,1122,0.1,2.5,0.0,0.0,-3.6,2000.0,-5.69,0.0,,6.3,225.0,0.82,,,,,,,,,
2022-02-13 20:09,409,1.3,2.2,0.0,0.0,-2.0,2000.0,-4.8,0.0,,3.5,225.0,0.82,,,,,,,,,
2022-02-13 20:08,3941,1.5,1.8,0.0,0.0,-2.1,2000.0,-4.44,0.0,,1.8,90.0,0.82,,,,,,,,,
2022-02-13 20:05,1123,0.8,6.2,0.0,0.0,-1.5,2000.0,-4.43,0.0,,8.8,225.0,0.82,-0.4,-0.21,-0.12,0.35,0.84,,1.39,2.02,2.62
2022-02-13 20:08,395,1.4,6.1,0.0,0.0,-1.0,2000.0,-4.5,0.0,,7.8,180.0,0.82,,,,,,,,,
2022-02-13 20:08,394,1.7,1.8,0.0,0.0,-0.2,2000.0,-4.3,0.0,,2.6,180.0,0.82,,,,,,,,,
2022-02-13 19:50,1138,1.3,7.7,0.0,0.0,-0.9,2000.0,-3.37,0.0,,10.8,180.0,0.82,-0.09,0.03,-0.06,0.38,0.66,,1.48,2.26,2.73
2022-02-13 20:08,391,0.1,4.9,0.0,0.0,,2000.0,-5.4,0.0,,5.8,180.0,0.82,,,,,,,,,
2022-02-13 20:08,392,0.7,0.0,0.0,0.0,-1.7,2000.0,-4.9,0.0,,0.0,0.0,0.82,,,,,,,,,
2022-02-13 18:35,1140,1.7,3.0,0.0,0.0,2.8,2000.0,-5.9,0.0,,6.5,225.0,0.82,0.28,0.21,0.78,1.75,2.46,,2.95,3.35,3.3
2022-02-13 20:07,314,0.8,4.7,,,-0.9,,-3.3,0.0,,6.0,0.0,0.82,,,,,,,,,
2022-02-13 20:06,2581,1.5,5.4,0.0,0.0,-1.0,2000.0,-4.58,0.0,,5.6,135.0,0.82,,,,,,,,,
2022-02-13 19:58,961,1.0,3.9,0.0,0.0,-1.0,2000.0,-3.64,1.0,,4.0,225.0,0.81,,,,,,,,,
2022-02-13 20:07,320,1.3,5.5,0.0,0.0,-1.4,2000.0,-3.3,1.0,,7.4,180.0,0.82,,,,,,,,,
2022-02-13 20:09,3962,,6.3,0.0,0.0,-1.0,2000.0,-3.6,0.0,,7.0,180.0,0.82,,,,,,,,,
2022-02-13 20:07,3481,1.2,5.7,0.0,0.0,-0.6,2000.0,-4.0,0.0,,6.1,225.0,0.82,,,,,,,,,
2022-02-13 20:05,1003,1.6,11.7,0.0,0.0,-0.5,2000.0,-4.06,,,11.4,135.0,,,,,,,,,,
2022-02-13 20:08,388,0.4,5.9,,,-1.6,,-2.8,1.0,,7.9,180.0,0.81,,,,,,,,,
2022-02-13 20:08,389,0.8,3.1,,,-1.2,,-3.2,0.0,,3.7,180.0,0.82,,,,,,,,,
2022-02-13 20:07,229,1.9,0.7,0.0,0.0,-0.7,2000.0,-2.2,0.0,,1.5,180.0,0.82,,,,,,,,,
2022-02-13 20:05,1082,1.1,7.4,0.0,0.0,-0.8,2000.0,-3.01,0.0,,11.0,180.0,0.82,,,,,,,,,
2022-02-13 20:06,2601,1.4,4.4,,,,,-4.19,,,4.5,225.0,,,,,,,,,,
2022-02-13 20:09,404,,3.8,0.0,0.0,-1.8,2000.0,-3.3,0.0,,5.1,180.0,0.82,,,,,,,,,
2022-02-13 20:08,381,0.6,3.0,0.0,0.0,-1.7,2000.0,-5.7,0.0,,3.2,180.0,0.82,,,,,,,,,
2022-02-13 20:09,3961,1.7,,,,,,-3.39,0.0,,,,0.82,,,,,,,,,
2022-02-13 20:07,312,1.1,3.5,0.0,0.0,-0.7,2000.0,-3.9,0.0,,5.4,225.0,0.82,,,,,,,,,
2022-02-13 20:09,405,1.1,5.1,0.0,0.0,-2.5,2000.0,-4.3,0.0,,6.5,225.0,0.82,,,,,,,,,
2022-02-13 20:08,393,0.0,3.9,0.0,0.0,,2000.0,-5.7,0.0,,5.4,135.0,0.82,,,,,,,,,
2022-02-13 19:56,1222,0.8,4.7,,,-1.2,2000.0,-3.67,0.0,,7.9,180.0,0.82,-0.1,0.3,0.4,0.8,1.2,,1.6,2.1,2.6
2022-02-13 02:35,1166,-3.7,,,,-6.2,,-5.9,1.0,,,,0.81,-3.63,-3.84,-3.52,-4.29,-3.9,,-2.66,-1.06,0.81
2022-02-13 02:35,1164,-2.6,2.5,0.0,0.0,-3.9,2000.0,-5.5,1.0,,4.2,225.0,0.81,,,,,,,,,
2022-02-13 02:35,308,,1.8,0.0,0.0,-3.2,2000.0,-5.2,1.0,,2.5,225.0,0.82,-1.02,0.21,1.98,2.23,2.43,,2.81,3.4,3.95
2022-02-13 02:22,6551,-1.5,5.3,0.0,0.0,-3.0,2000.0,-4.6,1.0,,,225.0,0.82,,,,,,,,,
2022-02-13 02:35,1208,-1.7,1.4,0.0,0.0,-3.5,2000.0,-4.1,1.0,,5.7,270.0,0.81,-0.41,0.47,1.44,1.35,1.61,,1.76,2.26,2.73
2022-02-13 02:35,1181,-1.2,4.0,0.0,0.0,,2000.0,,1.0,,6.8,225.0,0.81,-1.0,0.3,1.8,2.1,2.3,,2.6,3.1,3.8
2022-02-13 02:35,310,,4.4,0.0,0.0,-2.2,2000.0,-5.4,1.0,,6.4,180.0,0.82,,,,,,,,,
2022-02-13 02:35,1206,-0.8,3.5,0.0,0.0,-2.2,2000.0,-3.9,1.0,,6.8,180.0,0.81,-1.07,1.32,2.2,2.51,2.76,,3.14,3.58,4.05
2022-02-13 02:35,1183,-0.8,4.3,,,-2.2,,-3.7,,,8.2,180.0,,-0.53,0.98,1.63,1.85,1.87,,1.21,2.53,3.32
2022-02-13 02:35,363,-1.0,6.4,0.0,0.0,-2.9,2000.0,-3.6,1.0,,8.3,180.0,0.82,-0.72,0.35,2.06,2.38,3.28,,3.69,3.62,4.22
2022-02-13 02:35,361,,6.3,0.0,0.0,,2000.0,-3.9,1.0,,7.2,225.0,0.82,-1.01,0.37,1.65,2.21,2.54,,2.72,3.11,3.53
2022-02-13 02:35,362,-1.0,5.9,0.0,0.0,-2.6,2000.0,-4.7,1.0,,7.0,225.0,0.82,,,,,,,,,
2022-02-13 02:35,1185,,3.0,0.0,0.0,-2.5,2000.0,-3.4,1.0,,6.9,225.0,0.81,-0.5,0.4,1.5,1.8,2.2,,2.5,2.8,3.3
2022-02-13 02:35,1209,-1.8,5.9,0.0,0.0,-2.3,2000.0,-4.2,1.0,,8.8,225.0,0.81,-0.63,0.12,1.21,1.92,2.28,,2.67,3.05,3.46
2022-02-13 02:35,1201,-1.5,6.8,0.0,0.0,-1.9,2000.0,,1.0,,9.3,225.0,0.81,-0.3,0.59,1.59,1.9,2.6,,2.93,3.35,3.87
2022-02-13 02:35,367,-0.3,4.9,,,-0.3,,-2.8,1.0,,6.8,225.0,0.81,0.42,1.06,1.83,2.0,2.67,,3.02,3.28,3.94
2022-02-13 02:35,1204,1.6,5.4,,,0.9,2000.0,-2.53,1.0,,8.3,225.0,0.81,,,,,,,,,
2022-02-13 02:35,1187,1.6,5.3,0.0,0.0,,2000.0,-1.64,0.0,,9.5,270.0,0.82,2.2,2.6,3.0,3.5,3.9,,4.2,4.7,5.4
2022-02-13 02:35,1101,-3.3,2.0,0.0,0.0,-5.4,2000.0,-6.1,1.0,,4.0,180.0,0.81,,,,,,,,,
2022-02-13 02:35,1132,-1.6,3.4,0.0,0.0,,2000.0,-9.7,1.0,,6.0,225.0,0.81,-1.46,0.58,2.13,2.49,2.76,,3.06,3.43,3.9
2022-02-13 02:35,1134,-1.8,3.0,0.0,0.0,-4.1,2000.0,-4.7,1.0,,5.8,225.0,0.81,-0.9,-0.05,1.53,1.79,2.14,,2.47,2.83,3.17
2022-02-13 02:35,1135,-1.2,2.3,0.0,0.0,-2.9,2000.0,-4.7,1.0,,5.4,180.0,0.81,-0.95,0.56,1.67,1.15,1.2,,2.05,2.23,2.47
2022-02-13 02:35,306,-0.9,4.6,0.0,0.0,-3.0,2000.0,-5.4,1.0,,5.6,180.0,0.81,-0.98,0.46,1.5,1.53,2.21,,2.23,2.84,3.17
2022-02-13 02:36,3821,-0.7,6.2,0.0,0.0,-1.3,2000.0,-3.7,2.0,,,270.0,0.81,,,,,,,,,
2022-02-13 02:35,1168,-0.2,,0.0,0.0,,2000.0,,1.0,,,,0.81,-0.49,0.16,0.95,1.18,1.38,,1.72,1.95,2.69
2022-02-13 02:35,1211,-4.0,2.0,,,-6.8,2000.0,-6.9,1.0,,5.1,225.0,0.81,,,,,,,,,
2022-02-13 02:35,2481,-3.0,2.9,0.0,0.0,-4.6,2000.0,-5.5,1.0,,3.0,180.0,0.81,,,,,,,,,
2022-02-13 02:36,4001,-2.8,1.9,0.0,0.0,-4.6,2000.0,-4.9,1.0,,2.2,180.0,0.81,,,,,,,,,
2022-02-13 02:35,1042,-2.1,1.5,0.0,0.0,,2000.0,,1.0,,3.1,180.0,0.81,-1.44,-0.18,1.38,1.58,1.67,,1.8,1.99,2.22
2022-02-13 02:35,1063,-3.1,0.7,0.0,0.0,-5.1,2000.0,-6.4,1.0,,1.2,135.0,0.81,,,1.37,,1.52,,3.47,3.89,
2022-02-13 02:35,1262,-0.5,,,,,,,1.0,,,,0.81,,,,,,,,,
2022-02-13 02:32,413,-0.9,6.3,0.0,0.0,-2.3,2000.0,-4.1,1.0,,7.2,225.0,0.82,,,,,,,,,
2022-02-13 02:28,412,-1.1,4.3,0.0,0.0,-2.3,2000.0,-4.8,1.0,,5.3,225.0,0.82,,,,,,,,,
2022-02-13 02:35,1071,-1.7,2.7,,,,,,1.0,,5.9,180.0,0.81,-1.16,0.66,2.48,2.86,3.17,,3.64,3.96,4.36
2022-02-13 01:48,1004,-2.4,3.5,,,-3.9,,-5.4,1.0,,7.5,225.0,0.81,-1.55,-0.12,1.95,2.56,2.7,,3.03,3.36,3.95
2022-02-13 02:35,1241,-1.5,2.9,0.0,0.0,-2.9,2000.0,-4.1,1.0,,3.5,225.0,0.81,,,,,,,,,
2022-02-13 02:21,406,-1.3,0.8,,,-2.8,,-4.3,1.0,,1.1,180.0,0.82,-1.01,0.32,1.27,1.27,1.45,,2.08,2.4,2.57
2022-02-13 02:35,1125,-1.7,,0.0,0.0,-1.9,2000.0,-4.8,1.0,,,,0.81,-1.15,-0.32,-0.26,0.01,0.68,,1.26,1.92,2.56
2022-02-13 02:35,1061,-0.5,5.6,0.0,0.0,-2.9,2000.0,-3.4,1.0,,9.5,180.0,0.81,,,,,,,,,
2022-02-13 02:32,411,-0.8,3.6,0.0,0.0,-3.0,2000.0,-3.8,1.0,,5.9,225.0,0.82,,,,,,,,,
2022-02-13 02:35,1143,-0.6,4.3,,,-1.7,,-4.3,1.0,,8.0,225.0,0.81,-0.22,1.15,2.28,2.67,2.9,,3.44,3.93,4.43
2022-02-13 02:21,410,-0.5,5.7,,,-2.5,,-4.5,1.0,,6.7,225.0,0.82,,,,,,,,,
2022-02-13 02:36,401,-0.2,6.6,0.0,0.0,-2.0,2000.0,-4.0,1.0,,9.0,270.0,0.82,,,,,,,,,
2022-02-13 02:35,1001,-0.5,5.8,0.0,0.0,-2.6,2000.0,-3.6,1.0,,8.8,225.0,0.81,,,,,,,,,
2022-02-13 02:35,125,-0.9,1.9,,,-3.0,,-3.5,1.0,,2.1,225.0,0.82,,,,,,,,,
2022-02-13 02:32,402,-0.4,18.0,0.0,0.0,-1.9,2000.0,-3.6,1.0,,19.1,180.0,0.82,-0.19,0.54,1.53,1.89,2.38,,2.59,3.56,3.88
2022-02-13 02:35,1129,-0.2,3.0,0.0,0.0,,2000.0,,0.0,,6.3,180.0,0.82,-0.78,0.07,1.19,1.68,1.91,,2.44,3.42,3.67
2022-02-13 02:35,1006,-0.4,2.4,0.0,0.0,-2.4,2000.0,-3.5,0.0,,6.1,270.0,0.82,,,,,,,,,
2022-02-13 00:35,2561,-0.4,3.4,0.0,0.0,-1.9,2000.0,-3.0,1.0,,4.1,225.0,0.81,,,,,,,,,
2022-02-13 02:35,2902,-0.6,3.2,0.0,0.0,-2.0,2000.0,-2.4,2.0,,3.5,270.0,0.76,,,,,,,,,
2022-02-13 02:21,414,1.3,1.5,0.0,0.0,-2.5,2000.0,-3.2,1.0,,3.2,270.0,0.82,-1.43,-0.89,-0.61,-0.35,0.07,,0.75,1.4,2.15
2022-02-13 02:35,1066,-0.5,2.4,0.0,0.0,-1.9,2000.0,-2.5,1.0,,5.1,225.0,0.81,-0.61,0.09,,1.49,2.17,,2.94,3.82,4.7
2022-02-13 02:21,415,0.2,3.0,0.0,0.0,-1.7,2000.0,-2.4,1.0,,4.5,225.0,0.82,-0.86,0.29,0.85,1.6,2.28,,2.56,3.35,3.56
2022-02-13 02:36,383,1.6,4.4,0.0,0.0,-0.5,2000.0,-2.1,1.0,,6.4,225.0,0.82,0.18,1.02,1.87,2.2,3.0,,3.46,3.66,4.38
2022-02-13 02:35,1008,0.0,6.5,0.0,0.0,-2.4,2000.0,-2.2,0.0,,9.8,225.0,0.82,,,,,,,,,
2022-02-13 02:35,1214,-0.2,4.3,0.0,0.0,-2.6,2000.0,-3.0,1.0,,7.5,180.0,0.81,-1.81,-3.57,-2.39,-4.52,-4.31,,-33.35,-2.13,-0.01
2022-02-13 02:35,316,-0.1,7.1,0.0,0.0,-1.7,2000.0,-2.9,0.0,,8.7,225.0,0.82,,,,,,,,,
2022-02-13 02:35,1012,-0.5,2.7,0.0,0.0,-1.4,2000.0,-4.9,1.0,,6.4,180.0,0.81,,,,,,,,,
2022-02-13 02:35,318,-1.3,0.8,0.0,0.0,-2.5,2000.0,-4.0,1.0,,1.2,225.0,0.82,,,,,,,,,
2022-02-13 02:20,1901,-0.8,5.6,0.0,0.0,-1.6,2000.0,-4.0,1.0,,5.8,180.0,0.81,,,,,,,,,
2022-02-13 02:35,1189,-1.4,4.4,,,,2000.0,,0.0,,7.2,225.0,0.82,,,,,,,,,
2022-02-13 02:36,390,-0.8,4.0,,,-1.4,,-3.6,1.0,,5.1,180.0,0.81,,,,,,,,,
2022-02-13 02:35,1015,-1.3,5.3,0.0,0.0,-2.6,2000.0,-3.3,1.0,,7.5,180.0,0.81,-1.16,0.6,2.1,2.45,3.14,,3.61,4.21,4.77
2022-02-13 02:36,382,2.0,5.7,0.0,0.0,0.5,2000.0,-1.1,0.0,,8.1,225.0,0.82,,,,,,,,,
2022-02-13 02:23,981,2.4,3.6,0.0,0.0,-0.5,2000.0,-1.76,1.0,,8.4,225.0,0.81,,,,,,,,,
2022-02-13 02:22,5690,0.0,,,,-0.1,,-4.4,1.0,,,,0.81,,,,,,,,,
2022-02-13 02:36,384,,2.5,0.0,0.0,-3.7,2000.0,-5.4,0.0,,3.9,225.0,0.82,,,,,,,,,
2022-02-13 02:35,2582,-2.5,,,,,,,1.0,,,,0.81,,,,,,,,,
2022-02-13 02:35,1074,-2.2,1.8,0.0,0.0,-2.7,2000.0,-5.5,0.0,,4.8,225.0,0.82,-0.86,0.34,0.78,0.61,0.97,,1.32,2.08,2.65
2022-02-13 02:35,2903,-3.0,0.8,0.0,0.0,-4.0,2000.0,-6.0,1.0,,0.8,180.0,0.81,-1.58,-0.22,1.03,1.42,1.68,,2.01,2.5,3.11
2022-02-13 02:36,386,-2.7,1.1,0.0,0.0,-4.0,2000.0,-5.5,1.0,,1.9,90.0,0.82,,,,,,,,,
2022-02-13 02:35,2501,-2.0,0.8,0.0,0.0,-4.2,2000.0,-4.6,1.0,,0.9,225.0,0.81,,,,,,,,,
2022-02-13 02:35,1163,-2.8,4.1,0.0,0.0,-4.5,2000.0,-5.2,1.0,,7.6,180.0,0.81,-2.0,-1.0,0.1,0.6,1.0,,1.5,2.0,2.5
2022-02-13 02:36,403,-2.1,3.7,0.0,0.0,-3.5,2000.0,-4.7,1.0,,4.3,225.0,0.82,,,,,,,,,
2022-02-13 02:22,5210,0.0,4.8,0.0,0.0,-0.3,2000.0,-3.2,1.0,,8.7,225.0,0.81,,,,,,,,,
2022-02-13 02:35,1104,-2.7,1.8,0.0,0.0,-5.1,2000.0,-6.1,1.0,,4.4,225.0,0.81,-2.1,-1.0,-0.6,-0.8,-0.2,,0.5,1.3,2.1
2022-02-13 02:35,1401,-3.9,1.2,0.0,0.0,-4.0,2000.0,-6.9,1.0,,1.3,270.0,0.81,,,,,,,,,
2022-02-13 02:21,407,-1.6,3.9,0.0,0.0,-2.5,2000.0,-4.9,1.0,,4.6,225.0,0.82,,,,,,,,,
2022-02-13 02:36,385,-3.2,3.0,0.0,0.0,-4.0,2000.0,-6.1,1.0,,3.5,180.0,0.82,,,,,,,,,
2022-02-13 02:35,1068,-2.9,1.2,0.0,0.0,-3.5,2000.0,-5.7,1.0,,2.9,180.0,0.81,-2.6,-0.9,0.3,0.6,0.8,,1.1,1.6,2.3
2022-02-13 02:36,387,-3.4,3.2,,,,,,,,3.5,180.0,,,,,,,,,,
2022-02-13 02:36,3981,-1.3,4.6,0.0,0.24,-3.5,1999.0,-4.9,1.0,,5.1,225.0,0.81,,,,,,,,,
2022-02-13 02:35,1122,-2.0,2.0,0.0,0.0,-4.6,2000.0,-6.6,1.0,,4.0,225.0,0.81,,,,,,,,,
2022-02-13 02:35,1522,-2.2,2.3,,,-3.7,,-4.7,1.0,,2.4,180.0,0.81,,,,,,,,,
2022-02-13 02:36,409,-1.1,3.4,0.0,0.0,-1.6,2000.0,-3.6,1.0,,5.1,225.0,0.82,,,,,,,,,
2022-02-13 02:22,5650,-1.6,,,,-3.3,,-5.4,0.0,,,,0.82,,,,,,,,,
2022-02-13 02:36,3941,-1.5,3.2,0.0,0.24,-3.2,2000.0,-3.8,1.0,,3.4,45.0,0.81,-1.32,-1.33,-0.53,-0.17,0.41,,0.19,1.6,2.08
2022-02-13 02:21,408,-1.1,3.0,0.0,0.0,-2.1,2000.0,-4.2,1.0,,4.1,225.0,0.82,,,,,,,,,
2022-02-13 02:35,1123,-0.9,5.7,0.0,0.0,-1.8,2000.0,-4.5,0.0,,8.0,225.0,0.82,-0.57,-0.38,0.0,0.4,0.81,,1.35,1.99,2.61
2022-02-13 02:36,395,-0.4,5.3,0.0,0.0,-1.8,2000.0,-4.2,1.0,,6.8,225.0,0.82,,,,,,,,,
2022-02-13 02:36,394,-0.1,1.4,0.0,0.0,-1.0,2000.0,-3.9,1.0,,3.1,180.0,0.82,,,,,,,,,
2022-02-13 02:35,1138,-0.5,6.7,0.0,0.0,-2.2,2000.0,-3.9,1.0,,8.9,180.0,0.81,-0.47,-0.22,-0.09,0.34,0.66,,1.41,2.26,2.73
2022-02-13 02:36,391,-2.5,5.2,0.0,0.0,,2000.0,-4.8,1.0,,6.3,225.0,0.82,,,,,,,,,
2022-02-13 02:36,392,-2.7,0.0,0.0,0.0,-4.5,2000.0,-4.7,0.0,,0.0,0.0,0.82,,,,,,,,,
2022-02-13 02:35,1140,-2.6,2.5,0.0,0.0,-0.3,2000.0,-5.6,0.0,,4.5,225.0,0.82,-1.35,-0.13,1.43,2.11,2.56,,2.96,3.35,3.28
2022-02-13 02:23,987,-0.6,4.1,0.0,0.0,-2.9,2000.0,-3.3,1.0,,7.6,225.0,0.81,,,,,,,,,
2022-02-13 02:23,989,-0.3,5.4,0.0,0.0,-2.4,2000.0,-3.6,0.0,,7.7,225.0,0.82,-0.75,0.6,1.98,2.53,2.81,,3.05,3.33,3.56
2022-02-13 02:23,984,0.0,5.7,0.0,0.0,-0.1,2000.0,-3.1,1.0,,8.9,270.0,0.81,,,,,,,,,
2022-02-13 02:35,314,-0.8,3.8,,,-2.4,,-3.6,1.0,,5.6,135.0,0.82,,,,,,,,,
2022-02-13 02:35,2581,-0.8,5.9,0.0,0.0,-2.5,2000.0,-4.0,0.0,,6.1,180.0,0.82,,,,,,,,,
2022-02-13 02:32,961,-0.8,5.0,0.0,0.0,-2.4,2000.0,-3.6,1.0,,5.3,225.0,0.81,,,,,,,,,
2022-02-13 02:23,941,-0.9,6.7,0.0,0.0,-1.5,2000.0,-4.1,1.0,,7.2,225.0,0.82,,,,,,,,,
2022-02-13 02:35,320,-0.4,3.8,0.0,0.0,-3.0,2000.0,-3.1,1.0,,4.8,225.0,0.81,,,,,,,,,
2022-02-13 02:36,3962,,6.1,0.0,0.0,-3.2,2000.0,-3.4,0.0,,6.2,180.0,0.8,,,,,,,,,
2022-02-13 02:35,1223,-0.2,2.1,,,-2.3,,-3.3,,,2.4,225.0,,,,,,,,,,
2022-02-13 02:35,3481,-0.3,5.9,0.0,0.0,-1.8,2000.0,-3.3,0.0,,6.5,225.0,0.82,,,,,,,,,
2022-02-13 02:35,128,-0.1,3.0,0.0,0.0,-1.9,2000.0,-3.3,0.0,,3.1,180.0,0.82,,,,,,,,,
2022-02-13 02:35,1003,-0.4,8.9,0.0,0.0,-2.9,2000.0,-2.5,,,5.6,180.0,,,,,,,,,,
2022-02-13 02:35,1481,-0.3,3.5,0.0,0.0,0.2,2000.0,-3.0,0.0,,6.6,225.0,0.82,,,,,,,,,
2022-02-13 02:36,388,-1.1,6.7,,,-1.6,,-3.0,1.0,,8.8,180.0,0.81,,,,,,,,,
2022-02-13 02:35,1382,-0.5,1.2,0.0,0.0,-2.3,2000.0,-2.7,1.0,,1.2,180.0,0.81,,,,,,,,,
2022-02-13 02:36,389,-1.1,6.0,,,-1.9,,-3.5,1.0,,7.1,225.0,0.81,,,,,,,,,
2022-02-13 02:35,229,0.4,1.0,0.0,0.0,-1.2,2000.0,-3.2,0.0,,2.3,225.0,0.82,,,,,,,,,
2022-02-13 02:35,1082,0.8,5.5,0.0,0.0,0.0,2000.0,-2.42,0.0,,8.4,225.0,0.82,,,,,,,,,
2022-02-13 02:22,5250,-0.9,4.3,,,,,,,,4.4,225.0,,,,,,,,,,
2022-02-13 02:35,2601,-1.2,6.1,,,,,,,,6.9,225.0,,,,,,,,,,
2022-02-13 02:36,404,,5.1,0.0,0.0,-2.5,2000.0,-3.0,0.0,,6.6,225.0,0.82,,,,,,,,,
2022-02-13 02:36,381,-1.0,3.6,0.0,0.0,-1.7,2000.0,-5.7,0.0,,4.3,180.0,0.82,,,,,,,,,
2022-02-13 02:36,3961,-0.4,,,,,,,1.0,,,,0.81,,,,,,,,,
2022-02-13 02:35,312,-0.8,3.2,0.0,0.0,-2.7,2000.0,-3.6,1.0,,4.7,225.0,0.81,,,,,,,,,
2022-02-13 02:21,405,-2.1,5.7,0.0,0.0,-3.8,2000.0,-4.5,0.0,,8.2,225.0,0.82,,,,,,,,,
2022-02-13 02:36,393,-2.5,0.7,0.0,0.0,,2000.0,-5.1,0.0,,1.9,180.0,0.82,,,,,,,,,
2022-02-13 02:35,1222,-0.9,4.3,,,-1.8,2000.0,-3.9,1.0,,7.9,225.0,0.81,-0.3,-0.1,0.4,0.9,1.3,,1.6,2.0,2.6
